ip,location,time,path,referer,log
223.104.41.219,中国 - 北京市 - 北京,26/Nov/2022:15:19:36,/stylesheets/resumecards.css,https://resume.zhaowcheng.com/,"223.104.41.219 - - [26/Nov/2022:15:19:36 +0800] ""GET /stylesheets/resumecards.css HTTP/1.1"" 200 105876 ""https://resume.zhaowcheng.com/"" ""Mozilla/5.0 (iPhone; CPU iPhone OS 16_1_1 like Mac OS X) AppleWebKit/605.1.15 (KHTML, like Gecko) Version/16.1.1 Mobile/15E148 Safari/605.1.15 BingSapphire/1.0.400907001""
"
113.248.4.150,中国 - 重庆 - 人和,26/Nov/2022:17:56:17,/posts/sed-examples/,https://blog.zhaowcheng.com/,"113.248.4.150 - - [26/Nov/2022:17:56:17 +0800] ""GET /posts/sed-examples/ HTTP/1.1"" 200 7508 ""https://blog.zhaowcheng.com/"" ""Mozilla/5.0 (Macintosh; Intel Mac OS X 10_15_7) AppleWebKit/537.36 (KHTML, like Gecko) Chrome/107.0.0.0 Safari/537.36""
"
113.248.4.150,中国 - 重庆 - 人和,26/Nov/2022:17:57:10,/posts/a-packaging-method-with-its-own-deps/,https://blog.zhaowcheng.com/categories/%E6%9D%82%E4%B8%83%E6%9D%82%E5%85%AB/,"113.248.4.150 - - [26/Nov/2022:17:57:10 +0800] ""GET /posts/a-packaging-method-with-its-own-deps/ HTTP/1.1"" 200 11249 ""https://blog.zhaowcheng.com/categories/%E6%9D%82%E4%B8%83%E6%9D%82%E5%85%AB/"" ""Mozilla/5.0 (Macintosh; Intel Mac OS X 10_15_7) AppleWebKit/537.36 (KHTML, like Gecko) Chrome/107.0.0.0 Safari/537.36""
"
113.248.4.150,中国 - 重庆 - 人和,26/Nov/2022:17:58:01,/posts/classification-of-chinese-os-and-cpu/,https://blog.zhaowcheng.com/,"113.248.4.150 - - [26/Nov/2022:17:58:01 +0800] ""GET /posts/classification-of-chinese-os-and-cpu/ HTTP/1.1"" 200 8257 ""https://blog.zhaowcheng.com/"" ""Mozilla/5.0 (Macintosh; Intel Mac OS X 10_15_7) AppleWebKit/537.36 (KHTML, like Gecko) Chrome/107.0.0.0 Safari/537.36""
"
113.248.4.150,中国 - 重庆 - 人和,26/Nov/2022:17:58:53,/posts/python-tutorial-12-modules-and-packages/,https://blog.zhaowcheng.com/,"113.248.4.150 - - [26/Nov/2022:17:58:53 +0800] ""GET /posts/python-tutorial-12-modules-and-packages/ HTTP/1.1"" 200 12862 ""https://blog.zhaowcheng.com/"" ""Mozilla/5.0 (Macintosh; Intel Mac OS X 10_15_7) AppleWebKit/537.36 (KHTML, like Gecko) Chrome/107.0.0.0 Safari/537.36""
"
113.248.4.150,中国 - 重庆 - 人和,26/Nov/2022:17:59:17,/posts/sed-examples/,https://blog.zhaowcheng.com/,"113.248.4.150 - - [26/Nov/2022:17:59:17 +0800] ""GET /posts/sed-examples/ HTTP/1.1"" 304 0 ""https://blog.zhaowcheng.com/"" ""Mozilla/5.0 (Macintosh; Intel Mac OS X 10_15_7) AppleWebKit/537.36 (KHTML, like Gecko) Chrome/107.0.0.0 Safari/537.36""
"
113.248.4.150,中国 - 重庆 - 人和,26/Nov/2022:18:00:29,/stylesheets/resumecards.css,https://resume.zhaowcheng.com/,"113.248.4.150 - - [26/Nov/2022:18:00:29 +0800] ""GET /stylesheets/resumecards.css HTTP/1.1"" 200 105876 ""https://resume.zhaowcheng.com/"" ""Mozilla/5.0 (Macintosh; Intel Mac OS X 10_15_7) AppleWebKit/537.36 (KHTML, like Gecko) Chrome/107.0.0.0 Safari/537.36""
"
113.248.4.150,中国 - 重庆 - 人和,26/Nov/2022:19:08:42,/resume.pdf,https://resume.zhaowcheng.com/,"113.248.4.150 - - [26/Nov/2022:19:08:42 +0800] ""GET /resume.pdf HTTP/1.1"" 200 421559 ""https://resume.zhaowcheng.com/"" ""Mozilla/5.0 (Macintosh; Intel Mac OS X 10_15_7) AppleWebKit/537.36 (KHTML, like Gecko) Chrome/107.0.0.0 Safari/537.36""
"
66.249.77.85,美国 - 加州 - 芒廷维尤,26/Nov/2022:22:52:44,/posts/the-searching-order-of-elf-file-deps/,-,"66.249.77.85 - - [26/Nov/2022:22:52:44 +0800] ""GET /posts/the-searching-order-of-elf-file-deps/ HTTP/1.1"" 404 197 ""-"" ""Mozilla/5.0 (Linux; Android 6.0.1; Nexus 5X Build/MMB29P) AppleWebKit/537.36 (KHTML, like Gecko) Chrome/107.0.5304.110 Mobile Safari/537.36 (compatible; Googlebot/2.1; +http://www.google.com/bot.html)""
"
207.46.13.72,美国 - 华盛顿州 - 昆西,27/Nov/2022:00:26:18,/stylesheets/resumecards.css,-,"207.46.13.72 - - [27/Nov/2022:00:26:18 +0800] ""GET /stylesheets/resumecards.css HTTP/1.1"" 200 105876 ""-"" ""Mozilla/5.0 AppleWebKit/537.36 (KHTML, like Gecko; compatible; bingbot/2.0; +http://www.bing.com/bingbot.htm) Chrome/103.0.5060.134 Safari/537.36""
"
66.249.69.218,美国 - 华盛顿州 - 西雅圖,27/Nov/2022:01:07:45,/posts/python-tutorial-2-install-and-usage/,-,"66.249.69.218 - - [27/Nov/2022:01:07:45 +0800] ""GET /posts/python-tutorial-2-install-and-usage/ HTTP/1.1"" 404 197 ""-"" ""Mozilla/5.0 (Linux; Android 6.0.1; Nexus 5X Build/MMB29P) AppleWebKit/537.36 (KHTML, like Gecko) Chrome/107.0.5304.110 Mobile Safari/537.36 (compatible; Googlebot/2.1; +http://www.google.com/bot.html)""
"
157.55.39.63,美国 - 华盛顿州 - 昆西,27/Nov/2022:03:19:09,/posts/python-tutorial-7-flow-control/,-,"157.55.39.63 - - [27/Nov/2022:03:19:09 +0800] ""GET /posts/python-tutorial-7-flow-control/ HTTP/1.1"" 200 13088 ""-"" ""Mozilla/5.0 (compatible; bingbot/2.0; +http://www.bing.com/bingbot.htm)""
"
66.249.69.216,美国 - 华盛顿州 - 西雅圖,27/Nov/2022:11:35:27,/posts/python-tutorial-2-install-and-usage/,-,"66.249.69.216 - - [27/Nov/2022:11:35:27 +0800] ""GET /posts/python-tutorial-2-install-and-usage/ HTTP/1.1"" 404 134 ""-"" ""Mozilla/5.0 (compatible; Googlebot/2.1; +http://www.google.com/bot.html)""
"
66.249.77.89,美国 - 加州 - 芒廷维尤,27/Nov/2022:13:43:25,/posts/python-tutorial-10-exceptions/,-,"66.249.77.89 - - [27/Nov/2022:13:43:25 +0800] ""GET /posts/python-tutorial-10-exceptions/ HTTP/1.1"" 404 197 ""-"" ""Mozilla/5.0 (Linux; Android 6.0.1; Nexus 5X Build/MMB29P) AppleWebKit/537.36 (KHTML, like Gecko) Chrome/107.0.5304.110 Mobile Safari/537.36 (compatible; Googlebot/2.1; +http://www.google.com/bot.html)""
"
113.248.4.150,中国 - 重庆 - 人和,27/Nov/2022:14:30:45,/posts/python-tutorial-9-input-and-output/,https://blog.zhaowcheng.com/categories/python-%E5%85%A5%E9%97%A8/,"113.248.4.150 - - [27/Nov/2022:14:30:45 +0800] ""GET /posts/python-tutorial-9-input-and-output/ HTTP/1.1"" 200 11840 ""https://blog.zhaowcheng.com/categories/python-%E5%85%A5%E9%97%A8/"" ""Mozilla/5.0 (Macintosh; Intel Mac OS X 10_15_7) AppleWebKit/537.36 (KHTML, like Gecko) Chrome/107.0.0.0 Safari/537.36""
"
113.248.4.150,中国 - 重庆 - 人和,27/Nov/2022:19:07:58,/posts/python-tutorial-1-introduction/,https://blog.zhaowcheng.com/page2/,"113.248.4.150 - - [27/Nov/2022:19:07:58 +0800] ""GET /posts/python-tutorial-1-introduction/ HTTP/1.1"" 200 10186 ""https://blog.zhaowcheng.com/page2/"" ""Mozilla/5.0 (Macintosh; Intel Mac OS X 10_15_7) AppleWebKit/537.36 (KHTML, like Gecko) Chrome/107.0.0.0 Safari/537.36""
"
113.248.4.150,中国 - 重庆 - 人和,27/Nov/2022:19:08:04,/posts/python-tutorial-2-install-and-usage/,https://blog.zhaowcheng.com/page2/,"113.248.4.150 - - [27/Nov/2022:19:08:04 +0800] ""GET /posts/python-tutorial-2-install-and-usage/ HTTP/1.1"" 200 10796 ""https://blog.zhaowcheng.com/page2/"" ""Mozilla/5.0 (Macintosh; Intel Mac OS X 10_15_7) AppleWebKit/537.36 (KHTML, like Gecko) Chrome/107.0.0.0 Safari/537.36""
"
113.248.4.150,中国 - 重庆 - 人和,27/Nov/2022:19:19:34,/stylesheets/resumecards.css,https://resume.zhaowcheng.com/,"113.248.4.150 - - [27/Nov/2022:19:19:34 +0800] ""GET /stylesheets/resumecards.css HTTP/1.1"" 200 105876 ""https://resume.zhaowcheng.com/"" ""Mozilla/5.0 (Macintosh; Intel Mac OS X 10_15_7) AppleWebKit/537.36 (KHTML, like Gecko) Chrome/107.0.0.0 Safari/537.36""
"
116.179.32.104,中国 - 北京市 - 金融街,27/Nov/2022:20:52:22,/posts/sed-examples/,-,"116.179.32.104 - - [27/Nov/2022:20:52:22 +0800] ""GET /posts/sed-examples/ HTTP/1.1"" 301 178 ""-"" ""Mozilla/5.0 (compatible; Baiduspider/2.0; +http://www.baidu.com/search/spider.html)""
"
116.179.32.134,中国 - 北京市 - 金融街,27/Nov/2022:20:52:22,/posts/sed-examples/,-,"116.179.32.134 - - [27/Nov/2022:20:52:22 +0800] ""GET /posts/sed-examples/ HTTP/1.1"" 200 7508 ""-"" ""Mozilla/5.0 (compatible; Baiduspider/2.0; +http://www.baidu.com/search/spider.html)""
"
116.179.32.162,中国 - 北京市 - 金融街,27/Nov/2022:20:55:53,/posts/sed-examples/,-,"116.179.32.162 - - [27/Nov/2022:20:55:53 +0800] ""GET /posts/sed-examples/ HTTP/1.1"" 301 178 ""-"" ""Mozilla/5.0 (compatible; Baiduspider/2.0; +http://www.baidu.com/search/spider.html)""
"
116.179.32.238,中国 - 北京市 - 金融街,27/Nov/2022:20:55:53,/posts/sed-examples/,-,"116.179.32.238 - - [27/Nov/2022:20:55:53 +0800] ""GET /posts/sed-examples/ HTTP/1.1"" 404 134 ""-"" ""Mozilla/5.0 (compatible; Baiduspider/2.0; +http://www.baidu.com/search/spider.html)""
"
207.46.13.72,美国 - 华盛顿州 - 昆西,27/Nov/2022:23:26:49,/posts/classification-of-chinese-os-and-cpu/,-,"207.46.13.72 - - [27/Nov/2022:23:26:49 +0800] ""GET /posts/classification-of-chinese-os-and-cpu/ HTTP/1.1"" 404 134 ""-"" ""Mozilla/5.0 (compatible; bingbot/2.0; +http://www.bing.com/bingbot.htm)""
"
113.248.4.150,中国 - 重庆 - 人和,28/Nov/2022:00:22:40,/posts/sed-examples/,https://blog.zhaowcheng.com/,"113.248.4.150 - - [28/Nov/2022:00:22:40 +0800] ""GET /posts/sed-examples/ HTTP/1.1"" 200 7508 ""https://blog.zhaowcheng.com/"" ""Mozilla/5.0 (iPhone; CPU iPhone OS 16_1 like Mac OS X) AppleWebKit/605.1.15 (KHTML, like Gecko) CriOS/107.0.5304.101 Mobile/15E148 Safari/604.1""
"
66.249.69.218,美国 - 华盛顿州 - 西雅圖,28/Nov/2022:00:36:04,/posts/python-tutorial-6-dict-and-set/,-,"66.249.69.218 - - [28/Nov/2022:00:36:04 +0800] ""GET /posts/python-tutorial-6-dict-and-set/ HTTP/1.1"" 404 197 ""-"" ""Mozilla/5.0 (Linux; Android 6.0.1; Nexus 5X Build/MMB29P) AppleWebKit/537.36 (KHTML, like Gecko) Chrome/107.0.5304.110 Mobile Safari/537.36 (compatible; Googlebot/2.1; +http://www.google.com/bot.html)""
"
66.249.69.220,美国 - 华盛顿州 - 西雅圖,28/Nov/2022:00:51:02,/posts/python-tutorial-6-dict-and-set/,-,"66.249.69.220 - - [28/Nov/2022:00:51:02 +0800] ""GET /posts/python-tutorial-6-dict-and-set/ HTTP/1.1"" 404 134 ""-"" ""Mozilla/5.0 (compatible; Googlebot/2.1; +http://www.google.com/bot.html)""
"
113.248.4.150,中国 - 重庆 - 人和,28/Nov/2022:00:56:22,/posts/the-searching-order-of-elf-file-deps/,https://blog.zhaowcheng.com/,"113.248.4.150 - - [28/Nov/2022:00:56:22 +0800] ""GET /posts/the-searching-order-of-elf-file-deps/ HTTP/1.1"" 200 8750 ""https://blog.zhaowcheng.com/"" ""Mozilla/5.0 (iPhone; CPU iPhone OS 16_1 like Mac OS X) AppleWebKit/605.1.15 (KHTML, like Gecko) CriOS/107.0.5304.101 Mobile/15E148 Safari/604.1""
"
113.248.4.150,中国 - 重庆 - 人和,28/Nov/2022:00:56:45,/posts/a-packaging-method-with-its-own-deps/,https://blog.zhaowcheng.com/,"113.248.4.150 - - [28/Nov/2022:00:56:45 +0800] ""GET /posts/a-packaging-method-with-its-own-deps/ HTTP/1.1"" 200 11249 ""https://blog.zhaowcheng.com/"" ""Mozilla/5.0 (iPhone; CPU iPhone OS 16_1 like Mac OS X) AppleWebKit/605.1.15 (KHTML, like Gecko) CriOS/107.0.5304.101 Mobile/15E148 Safari/604.1""
"
66.249.69.218,美国 - 华盛顿州 - 西雅圖,28/Nov/2022:01:49:25,/posts/python-tutorial-4-string/,-,"66.249.69.218 - - [28/Nov/2022:01:49:25 +0800] ""GET /posts/python-tutorial-4-string/ HTTP/1.1"" 404 134 ""-"" ""Mozilla/5.0 (compatible; Googlebot/2.1; +http://www.google.com/bot.html)""
"
66.249.69.220,美国 - 华盛顿州 - 西雅圖,28/Nov/2022:02:02:47,/posts/python-tutorial-4-string/,-,"66.249.69.220 - - [28/Nov/2022:02:02:47 +0800] ""GET /posts/python-tutorial-4-string/ HTTP/1.1"" 404 197 ""-"" ""Mozilla/5.0 (Linux; Android 6.0.1; Nexus 5X Build/MMB29P) AppleWebKit/537.36 (KHTML, like Gecko) Chrome/107.0.5304.110 Mobile Safari/537.36 (compatible; Googlebot/2.1; +http://www.google.com/bot.html)""
"
113.248.4.150,中国 - 重庆 - 人和,28/Nov/2022:09:41:15,/posts/sed-examples/,https://blog.zhaowcheng.com/,"113.248.4.150 - - [28/Nov/2022:09:41:15 +0800] ""GET /posts/sed-examples/ HTTP/1.1"" 304 0 ""https://blog.zhaowcheng.com/"" ""Mozilla/5.0 (Macintosh; Intel Mac OS X 10_15_7) AppleWebKit/537.36 (KHTML, like Gecko) Chrome/107.0.0.0 Safari/537.36""
"
66.249.75.117,美国 - 华盛顿州 - 西雅圖,28/Nov/2022:13:42:14,/posts/introduction-to-fpm/,-,"66.249.75.117 - - [28/Nov/2022:13:42:14 +0800] ""GET /posts/introduction-to-fpm/ HTTP/1.1"" 200 7955 ""-"" ""Mozilla/5.0 (Linux; Android 6.0.1; Nexus 5X Build/MMB29P) AppleWebKit/537.36 (KHTML, like Gecko) Chrome/107.0.5304.110 Mobile Safari/537.36 (compatible; Googlebot/2.1; +http://www.google.com/bot.html)""
"
60.176.204.64,中国 - 浙江省 - 杭州,28/Nov/2022:15:43:08,/stylesheets/resumecards.css,https://resume.zhaowcheng.com/,"60.176.204.64 - - [28/Nov/2022:15:43:08 +0800] ""GET /stylesheets/resumecards.css HTTP/1.1"" 200 105876 ""https://resume.zhaowcheng.com/"" ""Mozilla/5.0 (iPhone; CPU iPhone OS 15_7_1 like Mac OS X) AppleWebKit/605.1.15 (KHTML, like Gecko) Version/15.6.3 Mobile/15E148 Safari/604.1""
"
113.248.4.150,中国 - 重庆 - 人和,28/Nov/2022:23:13:32,/posts/date-examples/,https://blog.zhaowcheng.com/,"113.248.4.150 - - [28/Nov/2022:23:13:32 +0800] ""GET /posts/date-examples/ HTTP/1.1"" 200 7198 ""https://blog.zhaowcheng.com/"" ""Mozilla/5.0 (Macintosh; Intel Mac OS X 10_15_7) AppleWebKit/537.36 (KHTML, like Gecko) Chrome/107.0.0.0 Safari/537.36""
"
113.248.4.150,中国 - 重庆 - 人和,28/Nov/2022:23:13:55,/posts/sed-examples/,https://blog.zhaowcheng.com/,"113.248.4.150 - - [28/Nov/2022:23:13:55 +0800] ""GET /posts/sed-examples/ HTTP/1.1"" 200 7338 ""https://blog.zhaowcheng.com/"" ""Mozilla/5.0 (Macintosh; Intel Mac OS X 10_15_7) AppleWebKit/537.36 (KHTML, like Gecko) Chrome/107.0.0.0 Safari/537.36""
"
113.248.4.150,中国 - 重庆 - 人和,28/Nov/2022:23:14:20,/posts/date-examples/,https://blog.zhaowcheng.com/,"113.248.4.150 - - [28/Nov/2022:23:14:20 +0800] ""GET /posts/date-examples/ HTTP/1.1"" 304 0 ""https://blog.zhaowcheng.com/"" ""Mozilla/5.0 (Macintosh; Intel Mac OS X 10_15_7) AppleWebKit/537.36 (KHTML, like Gecko) Chrome/107.0.0.0 Safari/537.36""
"
113.248.4.150,中国 - 重庆 - 人和,28/Nov/2022:23:15:08,/posts/date-examples/,https://blog.zhaowcheng.com/,"113.248.4.150 - - [28/Nov/2022:23:15:08 +0800] ""GET /posts/date-examples/ HTTP/1.1"" 304 0 ""https://blog.zhaowcheng.com/"" ""Mozilla/5.0 (Macintosh; Intel Mac OS X 10_15_7) AppleWebKit/537.36 (KHTML, like Gecko) Chrome/107.0.0.0 Safari/537.36""
"
66.249.75.113,美国 - 华盛顿州 - 西雅圖,29/Nov/2022:00:01:20,/posts/introduction-to-fpm/,-,"66.249.75.113 - - [29/Nov/2022:00:01:20 +0800] ""GET /posts/introduction-to-fpm/ HTTP/1.1"" 200 7951 ""-"" ""Mozilla/5.0 (compatible; Googlebot/2.1; +http://www.google.com/bot.html)""
"
66.249.77.85,美国 - 加州 - 芒廷维尤,29/Nov/2022:01:31:19,/posts/python-tutorial-3-variable-type/,-,"66.249.77.85 - - [29/Nov/2022:01:31:19 +0800] ""GET /posts/python-tutorial-3-variable-type/ HTTP/1.1"" 404 134 ""-"" ""Mozilla/5.0 (compatible; Googlebot/2.1; +http://www.google.com/bot.html)""
"
66.249.77.89,美国 - 加州 - 芒廷维尤,29/Nov/2022:05:28:36,/posts/the-searching-order-of-elf-file-deps/,-,"66.249.77.89 - - [29/Nov/2022:05:28:36 +0800] ""GET /posts/the-searching-order-of-elf-file-deps/ HTTP/1.1"" 404 197 ""-"" ""Mozilla/5.0 (Linux; Android 6.0.1; Nexus 5X Build/MMB29P) AppleWebKit/537.36 (KHTML, like Gecko) Chrome/107.0.5304.110 Mobile Safari/537.36 (compatible; Googlebot/2.1; +http://www.google.com/bot.html)""
"
66.249.75.117,美国 - 华盛顿州 - 西雅圖,29/Nov/2022:08:09:20,/posts/sed-examples/,-,"66.249.75.117 - - [29/Nov/2022:08:09:20 +0800] ""GET /posts/sed-examples/ HTTP/1.1"" 200 7338 ""-"" ""Mozilla/5.0 (Linux; Android 6.0.1; Nexus 5X Build/MMB29P) AppleWebKit/537.36 (KHTML, like Gecko) Chrome/107.0.5304.110 Mobile Safari/537.36 (compatible; Googlebot/2.1; +http://www.google.com/bot.html)""
"
113.248.4.150,中国 - 重庆 - 人和,29/Nov/2022:09:16:53,/posts/date-examples/,https://blog.zhaowcheng.com/,"113.248.4.150 - - [29/Nov/2022:09:16:53 +0800] ""GET /posts/date-examples/ HTTP/1.1"" 304 0 ""https://blog.zhaowcheng.com/"" ""Mozilla/5.0 (Macintosh; Intel Mac OS X 10_15_7) AppleWebKit/537.36 (KHTML, like Gecko) Chrome/107.0.0.0 Safari/537.36""
"
113.248.4.150,中国 - 重庆 - 人和,29/Nov/2022:09:17:10,/posts/introduction-to-fpm/,https://blog.zhaowcheng.com/,"113.248.4.150 - - [29/Nov/2022:09:17:10 +0800] ""GET /posts/introduction-to-fpm/ HTTP/1.1"" 200 7951 ""https://blog.zhaowcheng.com/"" ""Mozilla/5.0 (Macintosh; Intel Mac OS X 10_15_7) AppleWebKit/537.36 (KHTML, like Gecko) Chrome/107.0.0.0 Safari/537.36""
"
113.248.4.150,中国 - 重庆 - 人和,29/Nov/2022:09:38:16,/stylesheets/resumecards.css,https://resume.zhaowcheng.com/,"113.248.4.150 - - [29/Nov/2022:09:38:16 +0800] ""GET /stylesheets/resumecards.css HTTP/1.1"" 200 105876 ""https://resume.zhaowcheng.com/"" ""Mozilla/5.0 (Macintosh; Intel Mac OS X 10_15_7) AppleWebKit/537.36 (KHTML, like Gecko) Chrome/107.0.0.0 Safari/537.36""
"
66.249.77.85,美国 - 加州 - 芒廷维尤,29/Nov/2022:09:49:21,/posts/sed-examples/,-,"66.249.77.85 - - [29/Nov/2022:09:49:21 +0800] ""GET /posts/sed-examples/ HTTP/1.1"" 404 197 ""-"" ""Mozilla/5.0 (Linux; Android 6.0.1; Nexus 5X Build/MMB29P) AppleWebKit/537.36 (KHTML, like Gecko) Chrome/107.0.5304.110 Mobile Safari/537.36 (compatible; Googlebot/2.1; +http://www.google.com/bot.html)""
"
113.248.4.150,中国 - 重庆 - 人和,29/Nov/2022:10:08:08,/posts/date-examples/,https://blog.zhaowcheng.com/,"113.248.4.150 - - [29/Nov/2022:10:08:08 +0800] ""GET /posts/date-examples/ HTTP/1.1"" 200 7198 ""https://blog.zhaowcheng.com/"" ""Mozilla/5.0 (iPhone; CPU iPhone OS 16_1 like Mac OS X) AppleWebKit/605.1.15 (KHTML, like Gecko) CriOS/107.0.5304.101 Mobile/15E148 Safari/604.1""
"
113.248.4.150,中国 - 重庆 - 人和,29/Nov/2022:10:08:22,/posts/sed-examples/,https://blog.zhaowcheng.com/,"113.248.4.150 - - [29/Nov/2022:10:08:22 +0800] ""GET /posts/sed-examples/ HTTP/1.1"" 200 7338 ""https://blog.zhaowcheng.com/"" ""Mozilla/5.0 (iPhone; CPU iPhone OS 16_1 like Mac OS X) AppleWebKit/605.1.15 (KHTML, like Gecko) CriOS/107.0.5304.101 Mobile/15E148 Safari/604.1""
"
66.249.75.115,美国 - 华盛顿州 - 西雅圖,29/Nov/2022:11:26:28,/posts/date-examples/,-,"66.249.75.115 - - [29/Nov/2022:11:26:28 +0800] ""GET /posts/date-examples/ HTTP/1.1"" 200 7198 ""-"" ""Mozilla/5.0 (Linux; Android 6.0.1; Nexus 5X Build/MMB29P) AppleWebKit/537.36 (KHTML, like Gecko) Chrome/107.0.5304.110 Mobile Safari/537.36 (compatible; Googlebot/2.1; +http://www.google.com/bot.html)""
"
66.249.75.117,美国 - 华盛顿州 - 西雅圖,29/Nov/2022:14:26:28,/posts/date-examples/,-,"66.249.75.117 - - [29/Nov/2022:14:26:28 +0800] ""GET /posts/date-examples/ HTTP/1.1"" 200 7198 ""-"" ""Mozilla/5.0 (compatible; Googlebot/2.1; +http://www.google.com/bot.html)""
"
157.55.39.120,美国 - 华盛顿州 - 昆西,29/Nov/2022:15:25:45,/posts/python-tutorial-1-introduction/,-,"157.55.39.120 - - [29/Nov/2022:15:25:45 +0800] ""GET /posts/python-tutorial-1-introduction/ HTTP/1.1"" 404 134 ""-"" ""Mozilla/5.0 (compatible; bingbot/2.0; +http://www.bing.com/bingbot.htm)""
"
66.249.75.115,美国 - 华盛顿州 - 西雅圖,29/Nov/2022:16:50:02,/posts/a-packaging-method-with-its-own-deps/,-,"66.249.75.115 - - [29/Nov/2022:16:50:02 +0800] ""GET /posts/a-packaging-method-with-its-own-deps/ HTTP/1.1"" 200 11247 ""-"" ""Mozilla/5.0 (Linux; Android 6.0.1; Nexus 5X Build/MMB29P) AppleWebKit/537.36 (KHTML, like Gecko) Chrome/107.0.5304.110 Mobile Safari/537.36 (compatible; Googlebot/2.1; +http://www.google.com/bot.html)""
"
113.57.47.30,中国 - 湖北省 - Hwang Chow,29/Nov/2022:17:26:10,/posts/introduction-to-fpm/,https://www.google.com/,"113.57.47.30 - - [29/Nov/2022:17:26:10 +0800] ""GET /posts/introduction-to-fpm/ HTTP/1.1"" 200 7951 ""https://www.google.com/"" ""Mozilla/5.0 (Windows NT 10.0; Win64; x64) AppleWebKit/537.36 (KHTML, like Gecko) Chrome/107.0.0.0 Safari/537.36""
"
113.57.47.30,中国 - 湖北省 - Hwang Chow,29/Nov/2022:17:26:21,/posts/classification-of-chinese-os-and-cpu/,https://blog.zhaowcheng.com/posts/introduction-to-fpm/,"113.57.47.30 - - [29/Nov/2022:17:26:21 +0800] ""GET /posts/classification-of-chinese-os-and-cpu/ HTTP/1.1"" 200 8250 ""https://blog.zhaowcheng.com/posts/introduction-to-fpm/"" ""Mozilla/5.0 (Windows NT 10.0; Win64; x64) AppleWebKit/537.36 (KHTML, like Gecko) Chrome/107.0.0.0 Safari/537.36""
"
113.57.47.30,中国 - 湖北省 - Hwang Chow,29/Nov/2022:17:27:24,/posts/a-packaging-method-with-its-own-deps/,https://blog.zhaowcheng.com/posts/classification-of-chinese-os-and-cpu/,"113.57.47.30 - - [29/Nov/2022:17:27:24 +0800] ""GET /posts/a-packaging-method-with-its-own-deps/ HTTP/1.1"" 200 11247 ""https://blog.zhaowcheng.com/posts/classification-of-chinese-os-and-cpu/"" ""Mozilla/5.0 (Windows NT 10.0; Win64; x64) AppleWebKit/537.36 (KHTML, like Gecko) Chrome/107.0.0.0 Safari/537.36""
"
66.249.77.89,美国 - 加州 - 芒廷维尤,29/Nov/2022:21:01:26,/posts/python-tutorial-3-variable-type/,-,"66.249.77.89 - - [29/Nov/2022:21:01:26 +0800] ""GET /posts/python-tutorial-3-variable-type/ HTTP/1.1"" 404 197 ""-"" ""Mozilla/5.0 (Linux; Android 6.0.1; Nexus 5X Build/MMB29P) AppleWebKit/537.36 (KHTML, like Gecko) Chrome/107.0.5304.110 Mobile Safari/537.36 (compatible; Googlebot/2.1; +http://www.google.com/bot.html)""
"
66.249.75.117,美国 - 华盛顿州 - 西雅圖,29/Nov/2022:21:46:27,/posts/date-examples/,-,"66.249.75.117 - - [29/Nov/2022:21:46:27 +0800] ""GET /posts/date-examples/ HTTP/1.1"" 200 7198 ""-"" ""Mozilla/5.0 (Linux; Android 6.0.1; Nexus 5X Build/MMB29P) AppleWebKit/537.36 (KHTML, like Gecko) Chrome/107.0.5304.110 Mobile Safari/537.36 (compatible; Googlebot/2.1; +http://www.google.com/bot.html)""
"
66.249.75.127,美国 - 华盛顿州 - 西雅圖,29/Nov/2022:22:31:26,/posts/introduction-to-fpm/,-,"66.249.75.127 - - [29/Nov/2022:22:31:26 +0800] ""GET /posts/introduction-to-fpm/ HTTP/1.1"" 200 7951 ""-"" ""Mozilla/5.0 (Linux; Android 6.0.1; Nexus 5X Build/MMB29P) AppleWebKit/537.36 (KHTML, like Gecko) Chrome/107.0.5304.110 Mobile Safari/537.36 (compatible; Googlebot/2.1; +http://www.google.com/bot.html)""
"
66.249.69.198,美国 - 华盛顿州 - 西雅圖,30/Nov/2022:04:53:07,/posts/python-tutorial-6-dict-and-set/,-,"66.249.69.198 - - [30/Nov/2022:04:53:07 +0800] ""GET /posts/python-tutorial-6-dict-and-set/ HTTP/1.1"" 404 134 ""-"" ""Mozilla/5.0 (compatible; Googlebot/2.1; +http://www.google.com/bot.html)""
"
66.249.77.85,美国 - 加州 - 芒廷维尤,30/Nov/2022:11:34:43,/posts/python-tutorial-12-modules-and-packages/,-,"66.249.77.85 - - [30/Nov/2022:11:34:43 +0800] ""GET /posts/python-tutorial-12-modules-and-packages/ HTTP/1.1"" 404 134 ""-"" ""Mozilla/5.0 (compatible; Googlebot/2.1; +http://www.google.com/bot.html)""
"
66.249.75.113,美国 - 华盛顿州 - 西雅圖,30/Nov/2022:12:19:42,/posts/date-examples/,-,"66.249.75.113 - - [30/Nov/2022:12:19:42 +0800] ""GET /posts/date-examples/ HTTP/1.1"" 200 7198 ""-"" ""Mozilla/5.0 (Linux; Android 6.0.1; Nexus 5X Build/MMB29P) AppleWebKit/537.36 (KHTML, like Gecko) Chrome/107.0.5304.110 Mobile Safari/537.36 (compatible; Googlebot/2.1; +http://www.google.com/bot.html)""
"
66.249.75.113,美国 - 华盛顿州 - 西雅圖,30/Nov/2022:13:04:42,/posts/sed-examples/,-,"66.249.75.113 - - [30/Nov/2022:13:04:42 +0800] ""GET /posts/sed-examples/ HTTP/1.1"" 200 7338 ""-"" ""Mozilla/5.0 (compatible; Googlebot/2.1; +http://www.google.com/bot.html)""
"
66.249.77.87,美国 - 加州 - 芒廷维尤,30/Nov/2022:13:49:42,/posts/python-tutorial-12-modules-and-packages/,-,"66.249.77.87 - - [30/Nov/2022:13:49:42 +0800] ""GET /posts/python-tutorial-12-modules-and-packages/ HTTP/1.1"" 404 197 ""-"" ""Mozilla/5.0 (Linux; Android 6.0.1; Nexus 5X Build/MMB29P) AppleWebKit/537.36 (KHTML, like Gecko) Chrome/107.0.5304.110 Mobile Safari/537.36 (compatible; Googlebot/2.1; +http://www.google.com/bot.html)""
"
66.249.75.115,美国 - 华盛顿州 - 西雅圖,30/Nov/2022:14:35:02,/posts/a-packaging-method-with-its-own-deps/,-,"66.249.75.115 - - [30/Nov/2022:14:35:02 +0800] ""GET /posts/a-packaging-method-with-its-own-deps/ HTTP/1.1"" 200 11247 ""-"" ""Mozilla/5.0 (Linux; Android 6.0.1; Nexus 5X Build/MMB29P) AppleWebKit/537.36 (KHTML, like Gecko) Chrome/107.0.5304.110 Mobile Safari/537.36 (compatible; Googlebot/2.1; +http://www.google.com/bot.html)""
"
207.46.13.72,美国 - 华盛顿州 - 昆西,30/Nov/2022:19:53:18,/posts/python-tutorial-5-list-and-tuple/,-,"207.46.13.72 - - [30/Nov/2022:19:53:18 +0800] ""GET /posts/python-tutorial-5-list-and-tuple/ HTTP/1.1"" 200 16347 ""-"" ""Mozilla/5.0 (compatible; bingbot/2.0; +http://www.bing.com/bingbot.htm)""
"
113.248.4.150,中国 - 重庆 - 人和,30/Nov/2022:23:04:28,/posts/python-tutorial-3-variable-type/,https://blog.zhaowcheng.com/categories/python-%E5%85%A5%E9%97%A8/,"113.248.4.150 - - [30/Nov/2022:23:04:28 +0800] ""GET /posts/python-tutorial-3-variable-type/ HTTP/1.1"" 200 10529 ""https://blog.zhaowcheng.com/categories/python-%E5%85%A5%E9%97%A8/"" ""Mozilla/5.0 (Macintosh; Intel Mac OS X 10_15_7) AppleWebKit/537.36 (KHTML, like Gecko) Chrome/107.0.0.0 Safari/537.36""
"
66.249.75.115,美国 - 华盛顿州 - 西雅圖,30/Nov/2022:23:41:42,/posts/a-packaging-method-with-its-own-deps/,-,"66.249.75.115 - - [30/Nov/2022:23:41:42 +0800] ""GET /posts/a-packaging-method-with-its-own-deps/ HTTP/1.1"" 200 11247 ""-"" ""Mozilla/5.0 (Linux; Android 6.0.1; Nexus 5X Build/MMB29P) AppleWebKit/537.36 (KHTML, like Gecko) Chrome/107.0.5304.110 Mobile Safari/537.36 (compatible; Googlebot/2.1; +http://www.google.com/bot.html)""
"
66.249.75.113,美国 - 华盛顿州 - 西雅圖,01/Dec/2022:00:26:42,/posts/python-tutorial-1-introduction/,-,"66.249.75.113 - - [01/Dec/2022:00:26:42 +0800] ""GET /posts/python-tutorial-1-introduction/ HTTP/1.1"" 200 10256 ""-"" ""Mozilla/5.0 (Linux; Android 6.0.1; Nexus 5X Build/MMB29P) AppleWebKit/537.36 (KHTML, like Gecko) Chrome/107.0.5304.110 Mobile Safari/537.36 (compatible; Googlebot/2.1; +http://www.google.com/bot.html)""
"
144.217.135.253,加拿大 - Quebec - Beauharnois,01/Dec/2022:02:20:35,/posts/date-examples/,-,"144.217.135.253 - - [01/Dec/2022:02:20:35 +0800] ""GET /posts/date-examples/ HTTP/1.1"" 200 21703 ""-"" ""Mozilla/5.0 (Windows NT 6.3; Win64; x64) AppleWebKit/537.36 (KHTML, like Gecko) Chrome/60.0.3112.90 Safari/537.36 React.org""
"
144.217.135.253,加拿大 - Quebec - Beauharnois,01/Dec/2022:02:20:37,/posts/sed-examples/,-,"144.217.135.253 - - [01/Dec/2022:02:20:37 +0800] ""GET /posts/sed-examples/ HTTP/1.1"" 200 26549 ""-"" ""Mozilla/5.0 (Windows NT 6.3; Win64; x64) AppleWebKit/537.36 (KHTML, like Gecko) Chrome/60.0.3112.90 Safari/537.36 React.org""
"
144.217.135.253,加拿大 - Quebec - Beauharnois,01/Dec/2022:02:20:39,/posts/the-searching-order-of-elf-file-deps/,-,"144.217.135.253 - - [01/Dec/2022:02:20:39 +0800] ""GET /posts/the-searching-order-of-elf-file-deps/ HTTP/1.1"" 200 27209 ""-"" ""Mozilla/5.0 (Windows NT 6.3; Win64; x64) AppleWebKit/537.36 (KHTML, like Gecko) Chrome/60.0.3112.90 Safari/537.36 React.org""
"
144.217.135.253,加拿大 - Quebec - Beauharnois,01/Dec/2022:02:20:41,/posts/introduction-to-fpm/,-,"144.217.135.253 - - [01/Dec/2022:02:20:41 +0800] ""GET /posts/introduction-to-fpm/ HTTP/1.1"" 200 23764 ""-"" ""Mozilla/5.0 (Windows NT 6.3; Win64; x64) AppleWebKit/537.36 (KHTML, like Gecko) Chrome/60.0.3112.90 Safari/537.36 React.org""
"
144.217.135.253,加拿大 - Quebec - Beauharnois,01/Dec/2022:02:20:43,/posts/classification-of-chinese-os-and-cpu/,-,"144.217.135.253 - - [01/Dec/2022:02:20:43 +0800] ""GET /posts/classification-of-chinese-os-and-cpu/ HTTP/1.1"" 200 23717 ""-"" ""Mozilla/5.0 (Windows NT 6.3; Win64; x64) AppleWebKit/537.36 (KHTML, like Gecko) Chrome/60.0.3112.90 Safari/537.36 React.org""
"
66.249.69.216,美国 - 华盛顿州 - 西雅圖,01/Dec/2022:06:38:45,/posts/python-tutorial-6-dict-and-set/,-,"66.249.69.216 - - [01/Dec/2022:06:38:45 +0800] ""GET /posts/python-tutorial-6-dict-and-set/ HTTP/1.1"" 404 134 ""-"" ""Mozilla/5.0 (compatible; Googlebot/2.1; +http://www.google.com/bot.html)""
"
47.103.21.0,中国 - 上海 - 上海,01/Dec/2022:08:57:41,/posts/classification-of-chinese-os-and-cpu/,-,"47.103.21.0 - - [01/Dec/2022:08:57:41 +0800] ""GET /posts/classification-of-chinese-os-and-cpu/ HTTP/1.1"" 200 8250 ""-"" ""Mozilla/5.0 (X11; Ubuntu; Linux x86_64; rv:36.0) Gecko/20100101 Firefox/36.0""
"
47.103.21.0,中国 - 上海 - 上海,01/Dec/2022:08:57:41,/posts/a-packaging-method-with-its-own-deps/,-,"47.103.21.0 - - [01/Dec/2022:08:57:41 +0800] ""GET /posts/a-packaging-method-with-its-own-deps/ HTTP/1.1"" 200 11247 ""-"" ""Mozilla/5.0 (X11; Ubuntu; Linux x86_64; rv:36.0) Gecko/20100101 Firefox/36.0""
"
66.249.75.117,美国 - 华盛顿州 - 西雅圖,01/Dec/2022:12:25:50,/posts/a-packaging-method-with-its-own-deps/,-,"66.249.75.117 - - [01/Dec/2022:12:25:50 +0800] ""GET /posts/a-packaging-method-with-its-own-deps/ HTTP/1.1"" 200 11247 ""-"" ""Mozilla/5.0 (Linux; Android 6.0.1; Nexus 5X Build/MMB29P) AppleWebKit/537.36 (KHTML, like Gecko) Chrome/107.0.5304.110 Mobile Safari/537.36 (compatible; Googlebot/2.1; +http://www.google.com/bot.html)""
"
171.83.116.77,中国 - 湖北省 - 武汉,01/Dec/2022:13:57:49,/posts/a-packaging-method-with-its-own-deps/,https://www.google.com.hk/,"171.83.116.77 - - [01/Dec/2022:13:57:49 +0800] ""GET /posts/a-packaging-method-with-its-own-deps/ HTTP/1.1"" 200 11247 ""https://www.google.com.hk/"" ""Mozilla/5.0 (Windows NT 10.0; Win64; x64) AppleWebKit/537.36 (KHTML, like Gecko) Chrome/81.0.4044.92 Safari/537.36 Edg/81.0.416.53""
"
66.249.75.117,美国 - 华盛顿州 - 西雅圖,01/Dec/2022:14:41:42,/posts/introduction-to-fpm/,-,"66.249.75.117 - - [01/Dec/2022:14:41:42 +0800] ""GET /posts/introduction-to-fpm/ HTTP/1.1"" 200 7951 ""-"" ""Mozilla/5.0 (Linux; Android 6.0.1; Nexus 5X Build/MMB29P) AppleWebKit/537.36 (KHTML, like Gecko) Chrome/107.0.5304.110 Mobile Safari/537.36 (compatible; Googlebot/2.1; +http://www.google.com/bot.html)""
"
58.246.105.26,中国 - 上海 - 上海,01/Dec/2022:15:32:02,/posts/a-packaging-method-with-its-own-deps/,https://www.google.com.hk/,"58.246.105.26 - - [01/Dec/2022:15:32:02 +0800] ""GET /posts/a-packaging-method-with-its-own-deps/ HTTP/1.1"" 200 11247 ""https://www.google.com.hk/"" ""Mozilla/5.0 (Windows NT 10.0; Win64; x64) AppleWebKit/537.36 (KHTML, like Gecko) Chrome/107.0.0.0 Safari/537.36 Edg/107.0.1418.62""
"
66.249.75.113,美国 - 华盛顿州 - 西雅圖,01/Dec/2022:21:51:22,/posts/a-packaging-method-with-its-own-deps/,-,"66.249.75.113 - - [01/Dec/2022:21:51:22 +0800] ""GET /posts/a-packaging-method-with-its-own-deps/ HTTP/1.1"" 200 11247 ""-"" ""Mozilla/5.0 (Linux; Android 6.0.1; Nexus 5X Build/MMB29P) AppleWebKit/537.36 (KHTML, like Gecko) Chrome/107.0.5304.110 Mobile Safari/537.36 (compatible; Googlebot/2.1; +http://www.google.com/bot.html)""
"
66.249.75.117,美国 - 华盛顿州 - 西雅圖,01/Dec/2022:23:41:42,/posts/introduction-to-fpm/,-,"66.249.75.117 - - [01/Dec/2022:23:41:42 +0800] ""GET /posts/introduction-to-fpm/ HTTP/1.1"" 200 7951 ""-"" ""Mozilla/5.0 (Linux; Android 6.0.1; Nexus 5X Build/MMB29P) AppleWebKit/537.36 (KHTML, like Gecko) Chrome/107.0.5304.110 Mobile Safari/537.36 (compatible; Googlebot/2.1; +http://www.google.com/bot.html)""
"
66.249.69.17,美国 - 华盛顿州 - 西雅圖,02/Dec/2022:01:11:42,/posts/python-tutorial-3-variable-type/,-,"66.249.69.17 - - [02/Dec/2022:01:11:42 +0800] ""GET /posts/python-tutorial-3-variable-type/ HTTP/1.1"" 200 10529 ""-"" ""Mozilla/5.0 (Linux; Android 6.0.1; Nexus 5X Build/MMB29P) AppleWebKit/537.36 (KHTML, like Gecko) Chrome/107.0.5304.110 Mobile Safari/537.36 (compatible; Googlebot/2.1; +http://www.google.com/bot.html)""
"
47.101.195.198,中国 - 上海 - 上海,02/Dec/2022:04:21:50,/posts/classification-of-chinese-os-and-cpu/,-,"47.101.195.198 - - [02/Dec/2022:04:21:50 +0800] ""GET /posts/classification-of-chinese-os-and-cpu/ HTTP/1.1"" 200 8250 ""-"" ""Mozilla/5.0 (X11; Ubuntu; Linux x86_64; rv:36.0) Gecko/20100101 Firefox/36.0""
"
47.101.195.198,中国 - 上海 - 上海,02/Dec/2022:04:21:50,/posts/a-packaging-method-with-its-own-deps/,-,"47.101.195.198 - - [02/Dec/2022:04:21:50 +0800] ""GET /posts/a-packaging-method-with-its-own-deps/ HTTP/1.1"" 200 11247 ""-"" ""Mozilla/5.0 (X11; Ubuntu; Linux x86_64; rv:36.0) Gecko/20100101 Firefox/36.0""
"
66.249.77.30,美国 - 德克萨斯州 - South Houston,02/Dec/2022:12:49:24,/resume.pdf,-,"66.249.77.30 - - [02/Dec/2022:12:49:24 +0800] ""GET /resume.pdf HTTP/1.1"" 200 421559 ""-"" ""Mozilla/5.0 (Linux; Android 6.0.1; Nexus 5X Build/MMB29P) AppleWebKit/537.36 (KHTML, like Gecko) Chrome/107.0.5304.110 Mobile Safari/537.36 (compatible; Googlebot/2.1; +http://www.google.com/bot.html)""
"
61.140.99.186,中国 - 广东 - 广州市,02/Dec/2022:14:55:11,/posts/python-tutorial-9-input-and-output/,https://www.google.com.hk/,"61.140.99.186 - - [02/Dec/2022:14:55:11 +0800] ""GET /posts/python-tutorial-9-input-and-output/ HTTP/1.1"" 200 11926 ""https://www.google.com.hk/"" ""Mozilla/5.0 (Windows NT 10.0; Win64; x64) AppleWebKit/537.36 (KHTML, like Gecko) Chrome/107.0.0.0 Safari/537.36""
"
66.249.77.85,美国 - 德克萨斯州 - South Houston,02/Dec/2022:15:35:24,/posts/date-examples/,-,"66.249.77.85 - - [02/Dec/2022:15:35:24 +0800] ""GET /posts/date-examples/ HTTP/1.1"" 404 197 ""-"" ""Mozilla/5.0 (Linux; Android 6.0.1; Nexus 5X Build/MMB29P) AppleWebKit/537.36 (KHTML, like Gecko) Chrome/107.0.5304.110 Mobile Safari/537.36 (compatible; Googlebot/2.1; +http://www.google.com/bot.html)""
"
113.65.4.157,中国 - 广东 - 广州市,02/Dec/2022:16:55:01,/posts/classification-of-chinese-os-and-cpu/,https://www.google.com/,"113.65.4.157 - - [02/Dec/2022:16:55:01 +0800] ""GET /posts/classification-of-chinese-os-and-cpu/ HTTP/1.1"" 200 8250 ""https://www.google.com/"" ""Mozilla/5.0 (Windows NT 10.0; Win64; x64) AppleWebKit/537.36 (KHTML, like Gecko) Chrome/107.0.0.0 Safari/537.36""
"
113.248.238.189,中国 - 重庆 - 重庆市,02/Dec/2022:17:13:02,/posts/python-tutorial-6-dict-and-set/,https://blog.zhaowcheng.com/categories/python-%E5%85%A5%E9%97%A8/,"113.248.238.189 - - [02/Dec/2022:17:13:02 +0800] ""GET /posts/python-tutorial-6-dict-and-set/ HTTP/1.1"" 200 17031 ""https://blog.zhaowcheng.com/categories/python-%E5%85%A5%E9%97%A8/"" ""Mozilla/5.0 (Macintosh; Intel Mac OS X 10_15_7) AppleWebKit/537.36 (KHTML, like Gecko) Chrome/108.0.0.0 Safari/537.36""
"
111.197.252.71,中国 - 北京市 - 北京,02/Dec/2022:17:27:05,/posts/a-packaging-method-with-its-own-deps/,-,"111.197.252.71 - - [02/Dec/2022:17:27:05 +0800] ""GET /posts/a-packaging-method-with-its-own-deps/ HTTP/1.1"" 200 11247 ""-"" ""Mozilla/5.0 (X11; Linux x86_64) AppleWebKit/537.36 (KHTML, like Gecko) Chrome/107.0.0.0 Safari/537.36""
"
66.249.75.113,美国 - 华盛顿州 - 西雅圖,02/Dec/2022:17:43:14,/posts/date-examples/,-,"66.249.75.113 - - [02/Dec/2022:17:43:14 +0800] ""GET /posts/date-examples/ HTTP/1.1"" 200 7198 ""-"" ""Mozilla/5.0 (Linux; Android 6.0.1; Nexus 5X Build/MMB29P) AppleWebKit/537.36 (KHTML, like Gecko) Chrome/107.0.5304.110 Mobile Safari/537.36 (compatible; Googlebot/2.1; +http://www.google.com/bot.html)""
"
66.249.75.117,美国 - 华盛顿州 - 西雅圖,02/Dec/2022:18:28:14,/posts/python-tutorial-3-variable-type/,-,"66.249.75.117 - - [02/Dec/2022:18:28:14 +0800] ""GET /posts/python-tutorial-3-variable-type/ HTTP/1.1"" 200 10529 ""-"" ""Mozilla/5.0 (compatible; Googlebot/2.1; +http://www.google.com/bot.html)""
"
66.249.69.220,美国 - 华盛顿州 - 西雅圖,02/Dec/2022:20:42:13,/posts/python-tutorial-6-dict-and-set/,-,"66.249.69.220 - - [02/Dec/2022:20:42:13 +0800] ""GET /posts/python-tutorial-6-dict-and-set/ HTTP/1.1"" 404 134 ""-"" ""Mozilla/5.0 (compatible; Googlebot/2.1; +http://www.google.com/bot.html)""
"
66.249.68.51,美国 - 华盛顿州 - 西雅圖,02/Dec/2022:21:27:13,/posts/sed-examples/,-,"66.249.68.51 - - [02/Dec/2022:21:27:13 +0800] ""GET /posts/sed-examples/ HTTP/1.1"" 200 7338 ""-"" ""Mozilla/5.0 (Linux; Android 6.0.1; Nexus 5X Build/MMB29P) AppleWebKit/537.36 (KHTML, like Gecko) Chrome/107.0.5304.110 Mobile Safari/537.36 (compatible; Googlebot/2.1; +http://www.google.com/bot.html)""
"
66.249.68.49,美国 - 华盛顿州 - 西雅圖,02/Dec/2022:22:12:13,/posts/python-tutorial-3-variable-type/,-,"66.249.68.49 - - [02/Dec/2022:22:12:13 +0800] ""GET /posts/python-tutorial-3-variable-type/ HTTP/1.1"" 200 10529 ""-"" ""Mozilla/5.0 (Linux; Android 6.0.1; Nexus 5X Build/MMB29P) AppleWebKit/537.36 (KHTML, like Gecko) Chrome/107.0.5304.110 Mobile Safari/537.36 (compatible; Googlebot/2.1; +http://www.google.com/bot.html)""
"
116.179.37.196,中国 - 北京市 - 金融街,02/Dec/2022:23:10:25,/stylesheets/resumecards.css,https://resume.zhaowcheng.com/,"116.179.37.196 - - [02/Dec/2022:23:10:25 +0800] ""GET /stylesheets/resumecards.css HTTP/1.1"" 200 105876 ""https://resume.zhaowcheng.com/"" ""Mozilla/5.0 (compatible; Baiduspider-render/2.0; +http://www.baidu.com/search/spider.html)""
"
66.249.68.49,美国 - 华盛顿州 - 西雅圖,03/Dec/2022:03:42:11,/posts/python-tutorial-1-introduction/,-,"66.249.68.49 - - [03/Dec/2022:03:42:11 +0800] ""GET /posts/python-tutorial-1-introduction/ HTTP/1.1"" 200 10256 ""-"" ""Mozilla/5.0 (Linux; Android 6.0.1; Nexus 5X Build/MMB29P) AppleWebKit/537.36 (KHTML, like Gecko) Chrome/107.0.5304.110 Mobile Safari/537.36 (compatible; Googlebot/2.1; +http://www.google.com/bot.html)""
"
116.205.148.139,中華人民共和國 - 广东省 - 广州,03/Dec/2022:14:46:25,/posts/a-packaging-method-with-its-own-deps/,http://114.114.114.114:9421/,"116.205.148.139 - - [03/Dec/2022:14:46:25 +0800] ""GET /posts/a-packaging-method-with-its-own-deps/ HTTP/1.1"" 200 11247 ""http://114.114.114.114:9421/"" ""Mozilla/5.0 (Windows NT 10.0; Win64; x64) AppleWebKit/537.36 (KHTML, like Gecko) Chrome/107.0.0.0 Safari/537.36""
"
111.197.252.71,中国 - 北京市 - 北京,03/Dec/2022:15:12:01,/posts/a-packaging-method-with-its-own-deps/,https://www.google.com.hk/,"111.197.252.71 - - [03/Dec/2022:15:12:01 +0800] ""GET /posts/a-packaging-method-with-its-own-deps/ HTTP/1.1"" 200 11247 ""https://www.google.com.hk/"" ""Mozilla/5.0 (X11; Ubuntu; Linux x86_64; rv:107.0) Gecko/20100101 Firefox/107.0""
"
66.249.68.53,美国 - 华盛顿州 - 西雅圖,03/Dec/2022:16:07:25,/posts/python-tutorial-1-introduction/,-,"66.249.68.53 - - [03/Dec/2022:16:07:25 +0800] ""GET /posts/python-tutorial-1-introduction/ HTTP/1.1"" 200 10256 ""-"" ""Mozilla/5.0 (Linux; Android 6.0.1; Nexus 5X Build/MMB29P) AppleWebKit/537.36 (KHTML, like Gecko) Chrome/107.0.5304.110 Mobile Safari/537.36 (compatible; Googlebot/2.1; +http://www.google.com/bot.html)""
"
66.249.68.53,美国 - 华盛顿州 - 西雅圖,03/Dec/2022:17:38:21,/posts/a-packaging-method-with-its-own-deps/,-,"66.249.68.53 - - [03/Dec/2022:17:38:21 +0800] ""GET /posts/a-packaging-method-with-its-own-deps/ HTTP/1.1"" 200 11247 ""-"" ""Mozilla/5.0 (Linux; Android 6.0.1; Nexus 5X Build/MMB29P) AppleWebKit/537.36 (KHTML, like Gecko) Chrome/107.0.5304.110 Mobile Safari/537.36 (compatible; Googlebot/2.1; +http://www.google.com/bot.html)""
"
205.169.39.63,美国 - 德克萨斯州 - 達拉斯,04/Dec/2022:01:09:48,/stylesheets/resumecards.css,https://resume.zhaowcheng.com/,"205.169.39.63 - - [04/Dec/2022:01:09:48 +0800] ""GET /stylesheets/resumecards.css HTTP/1.1"" 200 105876 ""https://resume.zhaowcheng.com/"" ""Mozilla/5.0 (X11; Linux x86_64) AppleWebKit/537.36 (KHTML, like Gecko) HeadlessChrome/104.0.5112.101 Safari/537.36""
"
205.169.39.51,美国 - 德克萨斯州 - 達拉斯,04/Dec/2022:01:12:10,/stylesheets/resumecards.css,https://resume.zhaowcheng.com/,"205.169.39.51 - - [04/Dec/2022:01:12:10 +0800] ""GET /stylesheets/resumecards.css HTTP/1.1"" 200 105876 ""https://resume.zhaowcheng.com/"" ""Mozilla/5.0 (Windows NT 10.0; Win64; x64) AppleWebKit/537.36 (KHTML, like Gecko) Chrome/76.0.3809.71 Safari/537.36""
"
168.151.138.193,美国 - 纽约州 - 紐約,04/Dec/2022:01:18:22,/stylesheets/resumecards.css,https://resume.zhaowcheng.com/,"168.151.138.193 - - [04/Dec/2022:01:18:22 +0800] ""GET /stylesheets/resumecards.css HTTP/1.1"" 200 105876 ""https://resume.zhaowcheng.com/"" ""Mozilla/5.0 (iPhone; CPU iPhone OS 16_1_1 like Mac OS X) AppleWebKit/605.1.15 (KHTML, like Gecko) Version/16.1 Mobile/15E148 Safari/604.1""
"
167.250.111.225,美国 - 纽约州 - Nanuet,04/Dec/2022:01:19:02,/stylesheets/resumecards.css,https://resume.zhaowcheng.com/,"167.250.111.225 - - [04/Dec/2022:01:19:02 +0800] ""GET /stylesheets/resumecards.css HTTP/1.1"" 200 105876 ""https://resume.zhaowcheng.com/"" ""Mozilla/5.0 (Windows NT 10.0; WOW64) AppleWebKit/537.36 (KHTML, like Gecko) Chrome/102.0.5005.63 Safari/537.36""
"
198.244.133.159,英国 - 英格兰 - 伦敦,04/Dec/2022:01:20:28,/stylesheets/resumecards.css,https://resume.zhaowcheng.com/,"198.244.133.159 - - [04/Dec/2022:01:20:28 +0800] ""GET /stylesheets/resumecards.css HTTP/1.1"" 200 105876 ""https://resume.zhaowcheng.com/"" ""Mozilla/5.0 (Windows NT 6.1; Win64; x64) AppleWebKit/537.36 (KHTML, like Gecko) Chrome/60.0.3112.90 Safari/537.36""
"
66.249.79.66,美国 - 加州 - 芒廷维尤,04/Dec/2022:18:35:12,/posts/python-tutorial-9-input-and-output/,-,"66.249.79.66 - - [04/Dec/2022:18:35:12 +0800] ""GET /posts/python-tutorial-9-input-and-output/ HTTP/1.1"" 404 197 ""-"" ""Mozilla/5.0 (Linux; Android 6.0.1; Nexus 5X Build/MMB29P) AppleWebKit/537.36 (KHTML, like Gecko) Chrome/107.0.5304.110 Mobile Safari/537.36 (compatible; Googlebot/2.1; +http://www.google.com/bot.html)""
"
35.92.104.101,美国 - 俄勒冈州 - 波特蘭,04/Dec/2022:20:31:57,/stylesheets/resumecards.css,https://resume.zhaowcheng.com/,"35.92.104.101 - - [04/Dec/2022:20:31:57 +0800] ""GET /stylesheets/resumecards.css HTTP/1.1"" 200 105876 ""https://resume.zhaowcheng.com/"" ""Mozilla/5.0 (Windows NT 10.0; Win64; x64; rv:57.0) Gecko/20100101 Firefox/57.0""
"
206.190.238.195,日本 - Ōsaka - 大阪市,05/Dec/2022:09:41:03,/posts/a-packaging-method-with-its-own-deps/,https://www.google.com/,"206.190.238.195 - - [05/Dec/2022:09:41:03 +0800] ""GET /posts/a-packaging-method-with-its-own-deps/ HTTP/1.1"" 200 11247 ""https://www.google.com/"" ""Mozilla/5.0 (Windows NT 10.0; Win64; x64) AppleWebKit/537.36 (KHTML, like Gecko) Chrome/108.0.0.0 Safari/537.36""
"
119.8.242.45,香港 - 中西區 - 香港,05/Dec/2022:16:13:06,/posts/a-packaging-method-with-its-own-deps/,http://114.114.114.114:9421/,"119.8.242.45 - - [05/Dec/2022:16:13:06 +0800] ""GET /posts/a-packaging-method-with-its-own-deps/ HTTP/1.1"" 200 11247 ""http://114.114.114.114:9421/"" ""Mozilla/5.0 (Windows NT 10.0; Win64; x64) AppleWebKit/537.36 (KHTML, like Gecko) Chrome/107.0.0.0 Safari/537.36""
"
61.185.212.143,中国 - 陕西 - 西安,05/Dec/2022:19:11:40,/posts/a-packaging-method-with-its-own-deps/,https://www.google.com/,"61.185.212.143 - - [05/Dec/2022:19:11:40 +0800] ""GET /posts/a-packaging-method-with-its-own-deps/ HTTP/1.1"" 200 11247 ""https://www.google.com/"" ""Mozilla/5.0 (Windows NT 10.0; Win64; x64) AppleWebKit/537.36 (KHTML, like Gecko) Chrome/108.0.0.0 Safari/537.36""
"
205.169.39.181,美国 - 德克萨斯州 - 達拉斯,06/Dec/2022:02:38:02,/stylesheets/resumecards.css,https://resume.zhaowcheng.com/,"205.169.39.181 - - [06/Dec/2022:02:38:02 +0800] ""GET /stylesheets/resumecards.css HTTP/1.1"" 200 105876 ""https://resume.zhaowcheng.com/"" ""Mozilla/5.0 (Windows NT 10.0; Win64; x64) AppleWebKit/537.36 (KHTML, like Gecko) Chrome/79.0.3945.79 Safari/537.36""
"
66.249.68.3,美国 - 华盛顿州 - 西雅圖,06/Dec/2022:03:01:59,/posts/python-tutorial-6-dict-and-set/,-,"66.249.68.3 - - [06/Dec/2022:03:01:59 +0800] ""GET /posts/python-tutorial-6-dict-and-set/ HTTP/1.1"" 404 134 ""-"" ""Mozilla/5.0 (compatible; Googlebot/2.1; +http://www.google.com/bot.html)""
"
157.55.39.63,美国 - 华盛顿州 - 昆西,06/Dec/2022:03:48:31,/posts/python-tutorial-6-dict-and-set/,-,"157.55.39.63 - - [06/Dec/2022:03:48:31 +0800] ""GET /posts/python-tutorial-6-dict-and-set/ HTTP/1.1"" 200 17031 ""-"" ""Mozilla/5.0 (compatible; bingbot/2.0; +http://www.bing.com/bingbot.htm)""
"
123.115.118.91,中国 - 北京市 - 北京,06/Dec/2022:11:14:07,/posts/sed-examples/,https://www.google.com/,"123.115.118.91 - - [06/Dec/2022:11:14:07 +0800] ""GET /posts/sed-examples/ HTTP/1.1"" 200 7338 ""https://www.google.com/"" ""Mozilla/5.0 (Windows NT 10.0; Win64; x64) AppleWebKit/537.36 (KHTML, like Gecko) Chrome/107.0.0.0 Safari/537.36""
"
112.10.177.41,中国 - 浙江省 - 杭州,06/Dec/2022:22:03:25,/posts/a-packaging-method-with-its-own-deps/,https://www.google.com/,"112.10.177.41 - - [06/Dec/2022:22:03:25 +0800] ""GET /posts/a-packaging-method-with-its-own-deps/ HTTP/1.1"" 200 11247 ""https://www.google.com/"" ""Mozilla/5.0 (Windows NT 10.0; Win64; x64) AppleWebKit/537.36 (KHTML, like Gecko) Chrome/105.0.0.0 Safari/537.36""
"
112.10.177.41,中国 - 浙江省 - 杭州,06/Dec/2022:22:06:10,/posts/the-searching-order-of-elf-file-deps/,https://blog.zhaowcheng.com/posts/a-packaging-method-with-its-own-deps/,"112.10.177.41 - - [06/Dec/2022:22:06:10 +0800] ""GET /posts/the-searching-order-of-elf-file-deps/ HTTP/1.1"" 200 8745 ""https://blog.zhaowcheng.com/posts/a-packaging-method-with-its-own-deps/"" ""Mozilla/5.0 (Windows NT 10.0; Win64; x64) AppleWebKit/537.36 (KHTML, like Gecko) Chrome/105.0.0.0 Safari/537.36""
"
106.15.92.141,中国 - 上海 - 上海,07/Dec/2022:07:26:11,/posts/a-packaging-method-with-its-own-deps/,-,"106.15.92.141 - - [07/Dec/2022:07:26:11 +0800] ""GET /posts/a-packaging-method-with-its-own-deps/ HTTP/1.1"" 200 11247 ""-"" ""Mozilla/5.0 (X11; Ubuntu; Linux x86_64; rv:36.0) Gecko/20100101 Firefox/36.0""
"
106.15.92.141,中国 - 上海 - 上海,07/Dec/2022:07:26:11,/posts/classification-of-chinese-os-and-cpu/,-,"106.15.92.141 - - [07/Dec/2022:07:26:11 +0800] ""GET /posts/classification-of-chinese-os-and-cpu/ HTTP/1.1"" 200 8250 ""-"" ""Mozilla/5.0 (X11; Ubuntu; Linux x86_64; rv:36.0) Gecko/20100101 Firefox/36.0""
"
112.17.109.225,中国 - 浙江省 - 杭州,07/Dec/2022:17:46:52,/posts/the-searching-order-of-elf-file-deps/,-,"112.17.109.225 - - [07/Dec/2022:17:46:52 +0800] ""GET /posts/the-searching-order-of-elf-file-deps/ HTTP/1.1"" 200 8745 ""-"" ""Mozilla/5.0 (Windows NT 10.0; Win64; x64) AppleWebKit/537.36 (KHTML, like Gecko) Chrome/106.0.0.0 Safari/537.36""
"
112.17.109.225,中国 - 浙江省 - 杭州,07/Dec/2022:17:46:55,/posts/a-packaging-method-with-its-own-deps/,-,"112.17.109.225 - - [07/Dec/2022:17:46:55 +0800] ""GET /posts/a-packaging-method-with-its-own-deps/ HTTP/1.1"" 200 11247 ""-"" ""Mozilla/5.0 (Windows NT 10.0; Win64; x64) AppleWebKit/537.36 (KHTML, like Gecko) Chrome/106.0.0.0 Safari/537.36""
"
207.46.13.91,美国 - 华盛顿州 - 昆西,08/Dec/2022:05:14:08,/posts/python-tutorial-2-install-and-usage/,-,"207.46.13.91 - - [08/Dec/2022:05:14:08 +0800] ""GET /posts/python-tutorial-2-install-and-usage/ HTTP/1.1"" 200 10871 ""-"" ""Mozilla/5.0 AppleWebKit/537.36 (KHTML, like Gecko; compatible; bingbot/2.0; +http://www.bing.com/bingbot.htm) Chrome/103.0.5060.134 Safari/537.36""
"
66.249.79.95,美国 - 加州 - 芒廷维尤,08/Dec/2022:10:36:44,/posts/date-examples/,-,"66.249.79.95 - - [08/Dec/2022:10:36:44 +0800] ""GET /posts/date-examples/ HTTP/1.1"" 404 197 ""-"" ""Mozilla/5.0 (Linux; Android 6.0.1; Nexus 5X Build/MMB29P) AppleWebKit/537.36 (KHTML, like Gecko) Chrome/107.0.5304.110 Mobile Safari/537.36 (compatible; Googlebot/2.1; +http://www.google.com/bot.html)""
"
66.249.79.66,美国 - 加州 - 芒廷维尤,08/Dec/2022:10:36:51,/posts/sed-examples/,-,"66.249.79.66 - - [08/Dec/2022:10:36:51 +0800] ""GET /posts/sed-examples/ HTTP/1.1"" 404 197 ""-"" ""Mozilla/5.0 (Linux; Android 6.0.1; Nexus 5X Build/MMB29P) AppleWebKit/537.36 (KHTML, like Gecko) Chrome/107.0.5304.110 Mobile Safari/537.36 (compatible; Googlebot/2.1; +http://www.google.com/bot.html)""
"
111.85.18.220,中国 - 贵州 - 贵阳市,08/Dec/2022:23:36:05,/stylesheets/resumecards.css,https://resume.zhaowcheng.com/,"111.85.18.220 - - [08/Dec/2022:23:36:05 +0800] ""GET /stylesheets/resumecards.css HTTP/1.1"" 200 105876 ""https://resume.zhaowcheng.com/"" ""Mozilla/5.0 (Linux; Android 11; MEIZU 18 Pro Build/QKQ1.200127.002) AppleWebKit/537.36 (KHTML, like Gecko) Chrome/94.0.4606.85 Mobile Safari/537.36""
"
47.101.204.94,中国 - 上海 - 上海,09/Dec/2022:02:55:39,/posts/a-packaging-method-with-its-own-deps/,-,"47.101.204.94 - - [09/Dec/2022:02:55:39 +0800] ""GET /posts/a-packaging-method-with-its-own-deps/ HTTP/1.1"" 200 11247 ""-"" ""Mozilla/5.0 (X11; Ubuntu; Linux x86_64; rv:36.0) Gecko/20100101 Firefox/36.0""
"
47.101.204.94,中国 - 上海 - 上海,09/Dec/2022:02:55:39,/posts/classification-of-chinese-os-and-cpu/,-,"47.101.204.94 - - [09/Dec/2022:02:55:39 +0800] ""GET /posts/classification-of-chinese-os-and-cpu/ HTTP/1.1"" 200 8250 ""-"" ""Mozilla/5.0 (X11; Ubuntu; Linux x86_64; rv:36.0) Gecko/20100101 Firefox/36.0""
"
66.249.68.11,美国 - 加州 - 芒廷维尤,09/Dec/2022:05:58:22,/posts/python-tutorial-6-dict-and-set/,-,"66.249.68.11 - - [09/Dec/2022:05:58:22 +0800] ""GET /posts/python-tutorial-6-dict-and-set/ HTTP/1.1"" 404 134 ""-"" ""Mozilla/5.0 (compatible; Googlebot/2.1; +http://www.google.com/bot.html)""
"
66.249.68.59,美国 - 加州 - 芒廷维尤,09/Dec/2022:07:28:22,/posts/introduction-to-fpm/,-,"66.249.68.59 - - [09/Dec/2022:07:28:22 +0800] ""GET /posts/introduction-to-fpm/ HTTP/1.1"" 200 7951 ""-"" ""Mozilla/5.0 (Linux; Android 6.0.1; Nexus 5X Build/MMB29P) AppleWebKit/537.36 (KHTML, like Gecko) Chrome/107.0.5304.115 Mobile Safari/537.36 (compatible; Googlebot/2.1; +http://www.google.com/bot.html)""
"
113.248.252.64,中国 - 重庆 - 重庆市,09/Dec/2022:10:20:57,/posts/a-packaging-method-with-its-own-deps/,https://blog.zhaowcheng.com/,"113.248.252.64 - - [09/Dec/2022:10:20:57 +0800] ""GET /posts/a-packaging-method-with-its-own-deps/ HTTP/1.1"" 200 11247 ""https://blog.zhaowcheng.com/"" ""Mozilla/5.0 (Macintosh; Intel Mac OS X 10_15_7) AppleWebKit/537.36 (KHTML, like Gecko) Chrome/108.0.0.0 Safari/537.36""
"
113.248.252.64,中国 - 重庆 - 重庆市,09/Dec/2022:10:21:22,/posts/python-tutorial-3-variable-type/,https://blog.zhaowcheng.com/categories/python-%E5%85%A5%E9%97%A8/,"113.248.252.64 - - [09/Dec/2022:10:21:22 +0800] ""GET /posts/python-tutorial-3-variable-type/ HTTP/1.1"" 200 10529 ""https://blog.zhaowcheng.com/categories/python-%E5%85%A5%E9%97%A8/"" ""Mozilla/5.0 (Macintosh; Intel Mac OS X 10_15_7) AppleWebKit/537.36 (KHTML, like Gecko) Chrome/108.0.0.0 Safari/537.36""
"
113.248.252.64,中国 - 重庆 - 重庆市,09/Dec/2022:15:57:56,/posts/python-tutorial-5-list-and-tuple/,https://blog.zhaowcheng.com/categories/python-%E5%85%A5%E9%97%A8/,"113.248.252.64 - - [09/Dec/2022:15:57:56 +0800] ""GET /posts/python-tutorial-5-list-and-tuple/ HTTP/1.1"" 200 16347 ""https://blog.zhaowcheng.com/categories/python-%E5%85%A5%E9%97%A8/"" ""Mozilla/5.0 (Macintosh; Intel Mac OS X 10_15_7) AppleWebKit/537.36 (KHTML, like Gecko) Chrome/108.0.0.0 Safari/537.36""
"
113.248.252.64,中国 - 重庆 - 重庆市,09/Dec/2022:20:26:35,/stylesheets/resumecards.css,https://resume.zhaowcheng.com/,"113.248.252.64 - - [09/Dec/2022:20:26:35 +0800] ""GET /stylesheets/resumecards.css HTTP/1.1"" 200 105876 ""https://resume.zhaowcheng.com/"" ""Mozilla/5.0 (Macintosh; Intel Mac OS X 10_15_7) AppleWebKit/537.36 (KHTML, like Gecko) Chrome/108.0.0.0 Safari/537.36""
"
113.248.252.64,中国 - 重庆 - 重庆市,09/Dec/2022:20:27:12,/resume.pdf,https://resume.zhaowcheng.com/,"113.248.252.64 - - [09/Dec/2022:20:27:12 +0800] ""GET /resume.pdf HTTP/1.1"" 200 421559 ""https://resume.zhaowcheng.com/"" ""Mozilla/5.0 (Macintosh; Intel Mac OS X 10_15_7) AppleWebKit/537.36 (KHTML, like Gecko) Chrome/108.0.0.0 Safari/537.36""
"
113.248.252.64,中国 - 重庆 - 重庆市,09/Dec/2022:20:28:42,/posts/python-tutorial-8-function-definition/,https://blog.zhaowcheng.com/page2/,"113.248.252.64 - - [09/Dec/2022:20:28:42 +0800] ""GET /posts/python-tutorial-8-function-definition/ HTTP/1.1"" 200 10861 ""https://blog.zhaowcheng.com/page2/"" ""Mozilla/5.0 (Macintosh; Intel Mac OS X 10_15_7) AppleWebKit/537.36 (KHTML, like Gecko) Chrome/108.0.0.0 Safari/537.36""
"
113.248.252.64,中国 - 重庆 - 重庆市,09/Dec/2022:20:28:56,/posts/python-tutorial-7-flow-control/,https://blog.zhaowcheng.com/page2/,"113.248.252.64 - - [09/Dec/2022:20:28:56 +0800] ""GET /posts/python-tutorial-7-flow-control/ HTTP/1.1"" 200 13182 ""https://blog.zhaowcheng.com/page2/"" ""Mozilla/5.0 (Macintosh; Intel Mac OS X 10_15_7) AppleWebKit/537.36 (KHTML, like Gecko) Chrome/108.0.0.0 Safari/537.36""
"
113.248.252.64,中国 - 重庆 - 重庆市,09/Dec/2022:20:29:13,/posts/sed-examples/,https://blog.zhaowcheng.com/,"113.248.252.64 - - [09/Dec/2022:20:29:13 +0800] ""GET /posts/sed-examples/ HTTP/1.1"" 200 7338 ""https://blog.zhaowcheng.com/"" ""Mozilla/5.0 (Macintosh; Intel Mac OS X 10_15_7) AppleWebKit/537.36 (KHTML, like Gecko) Chrome/108.0.0.0 Safari/537.36""
"
113.248.252.64,中国 - 重庆 - 重庆市,09/Dec/2022:20:29:43,/posts/date-examples/,https://blog.zhaowcheng.com/,"113.248.252.64 - - [09/Dec/2022:20:29:43 +0800] ""GET /posts/date-examples/ HTTP/1.1"" 200 7198 ""https://blog.zhaowcheng.com/"" ""Mozilla/5.0 (Macintosh; Intel Mac OS X 10_15_7) AppleWebKit/537.36 (KHTML, like Gecko) Chrome/108.0.0.0 Safari/537.36""
"
113.248.252.64,中国 - 重庆 - 重庆市,09/Dec/2022:20:30:59,/posts/the-searching-order-of-elf-file-deps/,https://blog.zhaowcheng.com/categories/linux-%E6%89%93%E5%8C%85/,"113.248.252.64 - - [09/Dec/2022:20:30:59 +0800] ""GET /posts/the-searching-order-of-elf-file-deps/ HTTP/1.1"" 200 8745 ""https://blog.zhaowcheng.com/categories/linux-%E6%89%93%E5%8C%85/"" ""Mozilla/5.0 (Macintosh; Intel Mac OS X 10_15_7) AppleWebKit/537.36 (KHTML, like Gecko) Chrome/108.0.0.0 Safari/537.36""
"
157.55.39.120,美国 - 华盛顿州 - 昆西,09/Dec/2022:22:05:50,/posts/python-tutorial-2-install-and-usage/,-,"157.55.39.120 - - [09/Dec/2022:22:05:50 +0800] ""GET /posts/python-tutorial-2-install-and-usage/ HTTP/1.1"" 404 134 ""-"" ""Mozilla/5.0 (compatible; bingbot/2.0; +http://www.bing.com/bingbot.htm)""
"
207.46.13.72,美国 - 华盛顿州 - 昆西,09/Dec/2022:22:48:14,/posts/python-tutorial-8-function-definition/,-,"207.46.13.72 - - [09/Dec/2022:22:48:14 +0800] ""GET /posts/python-tutorial-8-function-definition/ HTTP/1.1"" 404 134 ""-"" ""Mozilla/5.0 (compatible; bingbot/2.0; +http://www.bing.com/bingbot.htm)""
"
115.238.33.146,中国 - 浙江省 - 杭州,10/Dec/2022:11:34:56,/posts/a-packaging-method-with-its-own-deps/,https://www.google.com.hk/,"115.238.33.146 - - [10/Dec/2022:11:34:56 +0800] ""GET /posts/a-packaging-method-with-its-own-deps/ HTTP/1.1"" 200 11247 ""https://www.google.com.hk/"" ""Mozilla/5.0 (Macintosh; Intel Mac OS X 10_15_7) AppleWebKit/537.36 (KHTML, like Gecko) Chrome/108.0.0.0 Safari/537.36""
"
47.101.171.133,中国 - 上海 - 上海,11/Dec/2022:01:19:33,/posts/a-packaging-method-with-its-own-deps/,-,"47.101.171.133 - - [11/Dec/2022:01:19:33 +0800] ""GET /posts/a-packaging-method-with-its-own-deps/ HTTP/1.1"" 200 11247 ""-"" ""Mozilla/5.0 (X11; Ubuntu; Linux x86_64; rv:36.0) Gecko/20100101 Firefox/36.0""
"
47.101.171.133,中国 - 上海 - 上海,11/Dec/2022:01:19:33,/posts/classification-of-chinese-os-and-cpu/,-,"47.101.171.133 - - [11/Dec/2022:01:19:33 +0800] ""GET /posts/classification-of-chinese-os-and-cpu/ HTTP/1.1"" 200 8250 ""-"" ""Mozilla/5.0 (X11; Ubuntu; Linux x86_64; rv:36.0) Gecko/20100101 Firefox/36.0""
"
66.249.68.6,美国 - 加州 - 芒廷维尤,11/Dec/2022:08:28:05,/posts/python-tutorial-6-dict-and-set/,-,"66.249.68.6 - - [11/Dec/2022:08:28:05 +0800] ""GET /posts/python-tutorial-6-dict-and-set/ HTTP/1.1"" 404 134 ""-"" ""Mozilla/5.0 (compatible; Googlebot/2.1; +http://www.google.com/bot.html)""
"
66.249.68.61,美国 - 加州 - 芒廷维尤,11/Dec/2022:14:31:06,/posts/a-packaging-method-with-its-own-deps/,-,"66.249.68.61 - - [11/Dec/2022:14:31:06 +0800] ""GET /posts/a-packaging-method-with-its-own-deps/ HTTP/1.1"" 200 11247 ""-"" ""Mozilla/5.0 (Linux; Android 6.0.1; Nexus 5X Build/MMB29P) AppleWebKit/537.36 (KHTML, like Gecko) Chrome/107.0.5304.115 Mobile Safari/537.36 (compatible; Googlebot/2.1; +http://www.google.com/bot.html)""
"
66.249.68.6,美国 - 加州 - 芒廷维尤,11/Dec/2022:15:16:06,/posts/python-tutorial-5-list-and-tuple/,-,"66.249.68.6 - - [11/Dec/2022:15:16:06 +0800] ""GET /posts/python-tutorial-5-list-and-tuple/ HTTP/1.1"" 404 134 ""-"" ""Mozilla/5.0 (compatible; Googlebot/2.1; +http://www.google.com/bot.html)""
"
66.249.68.1,美国 - 加州 - 芒廷维尤,11/Dec/2022:19:47:19,/posts/python-tutorial-5-list-and-tuple/,-,"66.249.68.1 - - [11/Dec/2022:19:47:19 +0800] ""GET /posts/python-tutorial-5-list-and-tuple/ HTTP/1.1"" 404 197 ""-"" ""Mozilla/5.0 (Linux; Android 6.0.1; Nexus 5X Build/MMB29P) AppleWebKit/537.36 (KHTML, like Gecko) Chrome/107.0.5304.115 Mobile Safari/537.36 (compatible; Googlebot/2.1; +http://www.google.com/bot.html)""
"
66.249.79.69,美国 - 加州 - 芒廷维尤,12/Dec/2022:06:18:56,/posts/date-examples/,-,"66.249.79.69 - - [12/Dec/2022:06:18:56 +0800] ""GET /posts/date-examples/ HTTP/1.1"" 404 197 ""-"" ""Mozilla/5.0 (Linux; Android 6.0.1; Nexus 5X Build/MMB29P) AppleWebKit/537.36 (KHTML, like Gecko) Chrome/107.0.5304.115 Mobile Safari/537.36 (compatible; Googlebot/2.1; +http://www.google.com/bot.html)""
"
66.249.79.95,美国 - 加州 - 芒廷维尤,12/Dec/2022:06:18:58,/posts/sed-examples/,-,"66.249.79.95 - - [12/Dec/2022:06:18:58 +0800] ""GET /posts/sed-examples/ HTTP/1.1"" 404 197 ""-"" ""Mozilla/5.0 (Linux; Android 6.0.1; Nexus 5X Build/MMB29P) AppleWebKit/537.36 (KHTML, like Gecko) Chrome/107.0.5304.115 Mobile Safari/537.36 (compatible; Googlebot/2.1; +http://www.google.com/bot.html)""
"
113.248.252.64,中国 - 重庆 - 重庆市,12/Dec/2022:10:45:23,/posts/classification-of-chinese-os-and-cpu/,https://www.google.com.hk/,"113.248.252.64 - - [12/Dec/2022:10:45:23 +0800] ""GET /posts/classification-of-chinese-os-and-cpu/ HTTP/1.1"" 200 8250 ""https://www.google.com.hk/"" ""Mozilla/5.0 (Macintosh; Intel Mac OS X 10_15_7) AppleWebKit/537.36 (KHTML, like Gecko) Chrome/108.0.0.0 Safari/537.36""
"
113.248.252.64,中国 - 重庆 - 重庆市,12/Dec/2022:10:46:04,/posts/a-packaging-method-with-its-own-deps/,https://www.google.com.hk/,"113.248.252.64 - - [12/Dec/2022:10:46:04 +0800] ""GET /posts/a-packaging-method-with-its-own-deps/ HTTP/1.1"" 304 0 ""https://www.google.com.hk/"" ""Mozilla/5.0 (Macintosh; Intel Mac OS X 10_15_7) AppleWebKit/537.36 (KHTML, like Gecko) Chrome/108.0.0.0 Safari/537.36""
"
66.249.82.91,美国 - 加州 - 芒廷维尤,12/Dec/2022:10:51:43,/posts/a-packaging-method-with-its-own-deps/,-,"66.249.82.91 - - [12/Dec/2022:10:51:43 +0800] ""GET /posts/a-packaging-method-with-its-own-deps/ HTTP/1.1"" 200 40927 ""-"" ""Mozilla/5.0 (Macintosh; Intel Mac OS X 10_15_7) AppleWebKit/537.36 (KHTML, like Gecko) Chrome/108.0.0.0 Safari/537.36,gzip(gfe)""
"
27.115.124.109,中国 - 上海 - 上海,12/Dec/2022:10:51:46,/stylesheets/resumecards.css,https://resume.zhaowcheng.com/,"27.115.124.109 - - [12/Dec/2022:10:51:46 +0800] ""GET /stylesheets/resumecards.css HTTP/1.1"" 200 105876 ""https://resume.zhaowcheng.com/"" ""Mozilla/5.0 (Linux; Android 8.0.0; MHA-AL00 Build/HUAWEIMHA-AL00; wv) AppleWebKit/537.36 (KHTML, like Gecko) Version/4.0 Chrome/68.0.3440.91 Mobile Safari/537.36 BingWeb/6.9.6""
"
47.103.21.244,中国 - 上海 - 上海,13/Dec/2022:01:58:02,/posts/classification-of-chinese-os-and-cpu/,-,"47.103.21.244 - - [13/Dec/2022:01:58:02 +0800] ""GET /posts/classification-of-chinese-os-and-cpu/ HTTP/1.1"" 200 8250 ""-"" ""Mozilla/5.0 (X11; Ubuntu; Linux x86_64; rv:36.0) Gecko/20100101 Firefox/36.0""
"
47.103.21.244,中国 - 上海 - 上海,13/Dec/2022:01:58:02,/posts/a-packaging-method-with-its-own-deps/,-,"47.103.21.244 - - [13/Dec/2022:01:58:02 +0800] ""GET /posts/a-packaging-method-with-its-own-deps/ HTTP/1.1"" 200 11247 ""-"" ""Mozilla/5.0 (X11; Ubuntu; Linux x86_64; rv:36.0) Gecko/20100101 Firefox/36.0""
"
207.46.13.114,美国 - 华盛顿州 - 昆西,13/Dec/2022:06:55:40,/posts/introduction-to-fpm/,-,"207.46.13.114 - - [13/Dec/2022:06:55:40 +0800] ""GET /posts/introduction-to-fpm/ HTTP/1.1"" 200 7951 ""-"" ""Mozilla/5.0 AppleWebKit/537.36 (KHTML, like Gecko; compatible; bingbot/2.0; +http://www.bing.com/bingbot.htm) Chrome/103.0.5060.134 Safari/537.36""
"
122.96.32.18,中国 - 江苏省 - 南京,13/Dec/2022:09:52:42,/posts/introduction-to-fpm/,https://www.google.com/,"122.96.32.18 - - [13/Dec/2022:09:52:42 +0800] ""GET /posts/introduction-to-fpm/ HTTP/1.1"" 200 7951 ""https://www.google.com/"" ""Mozilla/5.0 (Android 10; Mobile; rv:107.0) Gecko/107.0 Firefox/107.0""
"
113.248.252.64,中国 - 重庆 - 重庆市,13/Dec/2022:10:29:41,/posts/python-tutorial-10-exceptions/,https://blog.zhaowcheng.com/,"113.248.252.64 - - [13/Dec/2022:10:29:41 +0800] ""GET /posts/python-tutorial-10-exceptions/ HTTP/1.1"" 200 11459 ""https://blog.zhaowcheng.com/"" ""Mozilla/5.0 (Macintosh; Intel Mac OS X 10_15_7) AppleWebKit/537.36 (KHTML, like Gecko) Chrome/108.0.0.0 Safari/537.36""
"
113.248.252.64,中国 - 重庆 - 重庆市,13/Dec/2022:10:29:46,/posts/python-tutorial-11-classes/,https://blog.zhaowcheng.com/,"113.248.252.64 - - [13/Dec/2022:10:29:46 +0800] ""GET /posts/python-tutorial-11-classes/ HTTP/1.1"" 200 15360 ""https://blog.zhaowcheng.com/"" ""Mozilla/5.0 (Macintosh; Intel Mac OS X 10_15_7) AppleWebKit/537.36 (KHTML, like Gecko) Chrome/108.0.0.0 Safari/537.36""
"
113.248.252.64,中国 - 重庆 - 重庆市,13/Dec/2022:10:30:02,/posts/python-tutorial-8-function-definition/,https://blog.zhaowcheng.com/page2/,"113.248.252.64 - - [13/Dec/2022:10:30:02 +0800] ""GET /posts/python-tutorial-8-function-definition/ HTTP/1.1"" 304 0 ""https://blog.zhaowcheng.com/page2/"" ""Mozilla/5.0 (Macintosh; Intel Mac OS X 10_15_7) AppleWebKit/537.36 (KHTML, like Gecko) Chrome/108.0.0.0 Safari/537.36""
"
113.248.252.64,中国 - 重庆 - 重庆市,13/Dec/2022:10:30:09,/posts/python-tutorial-7-flow-control/,https://blog.zhaowcheng.com/page2/,"113.248.252.64 - - [13/Dec/2022:10:30:09 +0800] ""GET /posts/python-tutorial-7-flow-control/ HTTP/1.1"" 304 0 ""https://blog.zhaowcheng.com/page2/"" ""Mozilla/5.0 (Macintosh; Intel Mac OS X 10_15_7) AppleWebKit/537.36 (KHTML, like Gecko) Chrome/108.0.0.0 Safari/537.36""
"
113.248.252.64,中国 - 重庆 - 重庆市,13/Dec/2022:10:30:57,/posts/python-tutorial-1-introduction/,https://blog.zhaowcheng.com/page2/,"113.248.252.64 - - [13/Dec/2022:10:30:57 +0800] ""GET /posts/python-tutorial-1-introduction/ HTTP/1.1"" 200 10256 ""https://blog.zhaowcheng.com/page2/"" ""Mozilla/5.0 (Macintosh; Intel Mac OS X 10_15_7) AppleWebKit/537.36 (KHTML, like Gecko) Chrome/108.0.0.0 Safari/537.36""
"
113.248.252.64,中国 - 重庆 - 重庆市,13/Dec/2022:10:31:29,/posts/python-tutorial-12-modules-and-packages/,https://blog.zhaowcheng.com/,"113.248.252.64 - - [13/Dec/2022:10:31:29 +0800] ""GET /posts/python-tutorial-12-modules-and-packages/ HTTP/1.1"" 200 12911 ""https://blog.zhaowcheng.com/"" ""Mozilla/5.0 (Macintosh; Intel Mac OS X 10_15_7) AppleWebKit/537.36 (KHTML, like Gecko) Chrome/108.0.0.0 Safari/537.36""
"
113.248.252.64,中国 - 重庆 - 重庆市,13/Dec/2022:10:31:35,/posts/python-tutorial-9-input-and-output/,https://blog.zhaowcheng.com/,"113.248.252.64 - - [13/Dec/2022:10:31:35 +0800] ""GET /posts/python-tutorial-9-input-and-output/ HTTP/1.1"" 200 11926 ""https://blog.zhaowcheng.com/"" ""Mozilla/5.0 (Macintosh; Intel Mac OS X 10_15_7) AppleWebKit/537.36 (KHTML, like Gecko) Chrome/108.0.0.0 Safari/537.36""
"
113.248.252.64,中国 - 重庆 - 重庆市,13/Dec/2022:10:31:47,/posts/python-tutorial-4-string/,https://blog.zhaowcheng.com/categories/python-%E5%85%A5%E9%97%A8/,"113.248.252.64 - - [13/Dec/2022:10:31:47 +0800] ""GET /posts/python-tutorial-4-string/ HTTP/1.1"" 200 15959 ""https://blog.zhaowcheng.com/categories/python-%E5%85%A5%E9%97%A8/"" ""Mozilla/5.0 (Macintosh; Intel Mac OS X 10_15_7) AppleWebKit/537.36 (KHTML, like Gecko) Chrome/108.0.0.0 Safari/537.36""
"
45.79.83.106,美国 - 加州 - 費利蒙,13/Dec/2022:18:00:18,/posts/classification-of-chinese-os-and-cpu/,https://www.google.com/,"45.79.83.106 - - [13/Dec/2022:18:00:18 +0800] ""GET /posts/classification-of-chinese-os-and-cpu/ HTTP/1.1"" 200 8250 ""https://www.google.com/"" ""Mozilla/5.0 (Windows NT 10.0; Win64; x64) AppleWebKit/537.36 (KHTML, like Gecko) Chrome/108.0.0.0 Safari/537.36""
"
112.17.109.225,中国 - 浙江省 - 杭州,13/Dec/2022:20:10:35,/posts/the-searching-order-of-elf-file-deps/,-,"112.17.109.225 - - [13/Dec/2022:20:10:35 +0800] ""GET /posts/the-searching-order-of-elf-file-deps/ HTTP/1.1"" 200 8745 ""-"" ""Mozilla/5.0 (Windows NT 10.0; Win64; x64) AppleWebKit/537.36 (KHTML, like Gecko) Chrome/106.0.0.0 Safari/537.36""
"
60.27.159.27,中国 - 天津市 - 天津,14/Dec/2022:01:27:46,/posts/introduction-to-fpm/,https://www.google.com.hk/,"60.27.159.27 - - [14/Dec/2022:01:27:46 +0800] ""GET /posts/introduction-to-fpm/ HTTP/1.1"" 200 7951 ""https://www.google.com.hk/"" ""Mozilla/5.0 (Windows NT 10.0; Win64; x64) AppleWebKit/537.36 (KHTML, like Gecko) Chrome/108.0.0.0 Safari/537.36""
"
101.132.143.18,中国 - 上海 - 上海,14/Dec/2022:06:41:58,/posts/a-packaging-method-with-its-own-deps/,-,"101.132.143.18 - - [14/Dec/2022:06:41:58 +0800] ""GET /posts/a-packaging-method-with-its-own-deps/ HTTP/1.1"" 200 11247 ""-"" ""Mozilla/5.0 (X11; Ubuntu; Linux x86_64; rv:36.0) Gecko/20100101 Firefox/36.0""
"
101.132.143.18,中国 - 上海 - 上海,14/Dec/2022:06:41:58,/posts/classification-of-chinese-os-and-cpu/,-,"101.132.143.18 - - [14/Dec/2022:06:41:58 +0800] ""GET /posts/classification-of-chinese-os-and-cpu/ HTTP/1.1"" 200 8250 ""-"" ""Mozilla/5.0 (X11; Ubuntu; Linux x86_64; rv:36.0) Gecko/20100101 Firefox/36.0""
"
207.46.13.114,美国 - 华盛顿州 - 昆西,14/Dec/2022:09:01:53,/posts/python-tutorial-8-function-definition/,-,"207.46.13.114 - - [14/Dec/2022:09:01:53 +0800] ""GET /posts/python-tutorial-8-function-definition/ HTTP/1.1"" 200 10861 ""-"" ""Mozilla/5.0 (compatible; bingbot/2.0; +http://www.bing.com/bingbot.htm)""
"
1.88.118.6,法国 - Île-de-France - 巴黎,14/Dec/2022:14:21:07,/posts/a-packaging-method-with-its-own-deps/,https://www.google.com/,"1.88.118.6 - - [14/Dec/2022:14:21:07 +0800] ""GET /posts/a-packaging-method-with-its-own-deps/ HTTP/1.1"" 200 11247 ""https://www.google.com/"" ""Mozilla/5.0 (Macintosh; Intel Mac OS X 10_15_7) AppleWebKit/537.36 (KHTML, like Gecko) Chrome/108.0.0.0 Safari/537.36 Edg/108.0.1462.46""
"
203.205.141.114,香港 - 中西區 - 香港,14/Dec/2022:20:30:44,/posts/sed-examples/,https://www.google.com/,"203.205.141.114 - - [14/Dec/2022:20:30:44 +0800] ""GET /posts/sed-examples/ HTTP/1.1"" 200 7338 ""https://www.google.com/"" ""Mozilla/5.0 (Macintosh; Intel Mac OS X 10_15_7) AppleWebKit/537.36 (KHTML, like Gecko) Chrome/108.0.0.0 Safari/537.36""
"
113.248.252.64,中国 - 重庆 - 重庆市,15/Dec/2022:12:33:31,/posts/sed-examples/,https://blog.zhaowcheng.com/,"113.248.252.64 - - [15/Dec/2022:12:33:31 +0800] ""GET /posts/sed-examples/ HTTP/1.1"" 304 0 ""https://blog.zhaowcheng.com/"" ""Mozilla/5.0 (Macintosh; Intel Mac OS X 10_15_7) AppleWebKit/537.36 (KHTML, like Gecko) Chrome/108.0.0.0 Safari/537.36""
"
113.248.252.64,中国 - 重庆 - 重庆市,15/Dec/2022:12:33:53,/posts/date-examples/,https://blog.zhaowcheng.com/,"113.248.252.64 - - [15/Dec/2022:12:33:53 +0800] ""GET /posts/date-examples/ HTTP/1.1"" 304 0 ""https://blog.zhaowcheng.com/"" ""Mozilla/5.0 (Macintosh; Intel Mac OS X 10_15_7) AppleWebKit/537.36 (KHTML, like Gecko) Chrome/108.0.0.0 Safari/537.36""
"
113.248.252.64,中国 - 重庆 - 重庆市,15/Dec/2022:12:34:14,/posts/python-tutorial-11-classes/,https://blog.zhaowcheng.com/,"113.248.252.64 - - [15/Dec/2022:12:34:14 +0800] ""GET /posts/python-tutorial-11-classes/ HTTP/1.1"" 304 0 ""https://blog.zhaowcheng.com/"" ""Mozilla/5.0 (Macintosh; Intel Mac OS X 10_15_7) AppleWebKit/537.36 (KHTML, like Gecko) Chrome/108.0.0.0 Safari/537.36""
"
112.17.109.225,中国 - 浙江省 - 杭州,15/Dec/2022:16:42:19,/posts/the-searching-order-of-elf-file-deps/,-,"112.17.109.225 - - [15/Dec/2022:16:42:19 +0800] ""GET /posts/the-searching-order-of-elf-file-deps/ HTTP/1.1"" 200 8745 ""-"" ""Mozilla/5.0 (Windows NT 10.0; Win64; x64) AppleWebKit/537.36 (KHTML, like Gecko) Chrome/106.0.0.0 Safari/537.36""
"
5.161.157.132,美国 - 弗吉尼亚州 - Ashburn,15/Dec/2022:17:55:23,/posts/a-packaging-method-with-its-own-deps/,-,"5.161.157.132 - - [15/Dec/2022:17:55:23 +0800] ""GET /posts/a-packaging-method-with-its-own-deps/ HTTP/1.1"" 200 11247 ""-"" ""Mozilla/5.0 (Windows NT 10.0; Win64; x64) AppleWebKit/537.36 (KHTML, like Gecko) Chrome/84.0.4147.105 Safari/537.36""
"
157.55.39.40,美国 - 华盛顿州 - 昆西,15/Dec/2022:20:44:34,/posts/python-tutorial-4-string/,-,"157.55.39.40 - - [15/Dec/2022:20:44:34 +0800] ""GET /posts/python-tutorial-4-string/ HTTP/1.1"" 200 15959 ""-"" ""Mozilla/5.0 (compatible; bingbot/2.0; +http://www.bing.com/bingbot.htm)""
"
35.88.131.70,美国 - 俄勒冈州 - 波特蘭,15/Dec/2022:21:19:43,/posts/a-packaging-method-with-its-own-deps/,-,"35.88.131.70 - - [15/Dec/2022:21:19:43 +0800] ""GET /posts/a-packaging-method-with-its-own-deps/ HTTP/1.1"" 200 40927 ""-"" ""Mozilla/5.0 (iPhone; CPU iPhone OS 16_0 like Mac OS X) AppleWebKit/605.1.15 (KHTML, like Gecko) CriOS/105.0.5195.129 Mobile/15E148 Safari/604.1""
"
40.77.167.80,美国 - 弗吉尼亚州 - Boydton,15/Dec/2022:21:44:09,/posts/classification-of-chinese-os-and-cpu/,-,"40.77.167.80 - - [15/Dec/2022:21:44:09 +0800] ""GET /posts/classification-of-chinese-os-and-cpu/ HTTP/1.1"" 200 8250 ""-"" ""Mozilla/5.0 AppleWebKit/537.36 (KHTML, like Gecko; compatible; bingbot/2.0; +http://www.bing.com/bingbot.htm) Chrome/103.0.5060.134 Safari/537.36""
"
35.92.205.78,美国 - 俄勒冈州 - 波特蘭,15/Dec/2022:21:44:51,/posts/a-packaging-method-with-its-own-deps/,-,"35.92.205.78 - - [15/Dec/2022:21:44:51 +0800] ""GET /posts/a-packaging-method-with-its-own-deps/ HTTP/1.1"" 200 40927 ""-"" ""Mozilla/5.0 (Windows NT 10.0; Win64; x64) AppleWebKit/537.36 (KHTML, like Gecko) Chrome/105.0.0.0 Safari/537.36""
"
66.249.68.63,美国 - 加州 - 芒廷维尤,16/Dec/2022:01:42:17,/posts/classification-of-chinese-os-and-cpu/,-,"66.249.68.63 - - [16/Dec/2022:01:42:17 +0800] ""GET /posts/classification-of-chinese-os-and-cpu/ HTTP/1.1"" 200 8250 ""-"" ""Mozilla/5.0 (Linux; Android 6.0.1; Nexus 5X Build/MMB29P) AppleWebKit/537.36 (KHTML, like Gecko) Chrome/107.0.5304.115 Mobile Safari/537.36 (compatible; Googlebot/2.1; +http://www.google.com/bot.html)""
"
66.249.68.6,美国 - 加州 - 芒廷维尤,16/Dec/2022:04:42:17,/posts/python-tutorial-6-dict-and-set/,-,"66.249.68.6 - - [16/Dec/2022:04:42:17 +0800] ""GET /posts/python-tutorial-6-dict-and-set/ HTTP/1.1"" 404 134 ""-"" ""Mozilla/5.0 (compatible; Googlebot/2.1; +http://www.google.com/bot.html)""
"
66.249.68.63,美国 - 加州 - 芒廷维尤,16/Dec/2022:05:00:51,/posts/classification-of-chinese-os-and-cpu/,-,"66.249.68.63 - - [16/Dec/2022:05:00:51 +0800] ""GET /posts/classification-of-chinese-os-and-cpu/ HTTP/1.1"" 200 8250 ""-"" ""Mozilla/5.0 (compatible; Googlebot/2.1; +http://www.google.com/bot.html)""
"
66.249.68.63,美国 - 加州 - 芒廷维尤,16/Dec/2022:08:00:51,/posts/introduction-to-fpm/,-,"66.249.68.63 - - [16/Dec/2022:08:00:51 +0800] ""GET /posts/introduction-to-fpm/ HTTP/1.1"" 200 7951 ""-"" ""Mozilla/5.0 (Linux; Android 6.0.1; Nexus 5X Build/MMB29P) AppleWebKit/537.36 (KHTML, like Gecko) Chrome/107.0.5304.115 Mobile Safari/537.36 (compatible; Googlebot/2.1; +http://www.google.com/bot.html)""
"
66.249.68.61,美国 - 加州 - 芒廷维尤,16/Dec/2022:11:00:51,/posts/introduction-to-fpm/,-,"66.249.68.61 - - [16/Dec/2022:11:00:51 +0800] ""GET /posts/introduction-to-fpm/ HTTP/1.1"" 200 7951 ""-"" ""Mozilla/5.0 (compatible; Googlebot/2.1; +http://www.google.com/bot.html)""
"
66.249.68.63,美国 - 加州 - 芒廷维尤,16/Dec/2022:12:30:51,/posts/python-tutorial-10-exceptions/,-,"66.249.68.63 - - [16/Dec/2022:12:30:51 +0800] ""GET /posts/python-tutorial-10-exceptions/ HTTP/1.1"" 200 11459 ""-"" ""Mozilla/5.0 (Linux; Android 6.0.1; Nexus 5X Build/MMB29P) AppleWebKit/537.36 (KHTML, like Gecko) Chrome/107.0.5304.115 Mobile Safari/537.36 (compatible; Googlebot/2.1; +http://www.google.com/bot.html)""
"
47.102.124.128,中国 - 上海 - 上海,16/Dec/2022:14:05:12,/posts/classification-of-chinese-os-and-cpu/,-,"47.102.124.128 - - [16/Dec/2022:14:05:12 +0800] ""GET /posts/classification-of-chinese-os-and-cpu/ HTTP/1.1"" 200 8250 ""-"" ""Mozilla/5.0 (X11; Ubuntu; Linux x86_64; rv:36.0) Gecko/20100101 Firefox/36.0""
"
47.102.124.128,中国 - 上海 - 上海,16/Dec/2022:14:05:12,/posts/a-packaging-method-with-its-own-deps/,-,"47.102.124.128 - - [16/Dec/2022:14:05:12 +0800] ""GET /posts/a-packaging-method-with-its-own-deps/ HTTP/1.1"" 200 11247 ""-"" ""Mozilla/5.0 (X11; Ubuntu; Linux x86_64; rv:36.0) Gecko/20100101 Firefox/36.0""
"
218.0.241.182,中国 - 浙江省 - 杭州,16/Dec/2022:15:47:03,/posts/introduction-to-fpm/,https://www.google.com/,"218.0.241.182 - - [16/Dec/2022:15:47:03 +0800] ""GET /posts/introduction-to-fpm/ HTTP/1.1"" 200 7951 ""https://www.google.com/"" ""Mozilla/5.0 (Macintosh; Intel Mac OS X 10_15_7) AppleWebKit/537.36 (KHTML, like Gecko) Chrome/108.0.0.0 Safari/537.36""
"
66.249.68.63,美国 - 加州 - 芒廷维尤,16/Dec/2022:17:20:22,/posts/introduction-to-fpm/,-,"66.249.68.63 - - [16/Dec/2022:17:20:22 +0800] ""GET /posts/introduction-to-fpm/ HTTP/1.1"" 200 7951 ""-"" ""Mozilla/5.0 (compatible; Googlebot/2.1; +http://www.google.com/bot.html)""
"
66.249.68.61,美国 - 加州 - 芒廷维尤,16/Dec/2022:18:50:22,/posts/classification-of-chinese-os-and-cpu/,-,"66.249.68.61 - - [16/Dec/2022:18:50:22 +0800] ""GET /posts/classification-of-chinese-os-and-cpu/ HTTP/1.1"" 200 8250 ""-"" ""Mozilla/5.0 (compatible; Googlebot/2.1; +http://www.google.com/bot.html)""
"
114.119.158.211,新加坡 - North West - 新加坡,16/Dec/2022:22:45:27,/posts/python-tutorial-10-exceptions/,-,"114.119.158.211 - - [16/Dec/2022:22:45:27 +0800] ""GET /posts/python-tutorial-10-exceptions/ HTTP/1.1"" 200 11459 ""-"" ""Mozilla/5.0 (Linux; Android 7.0;) AppleWebKit/537.36 (KHTML, like Gecko) Mobile Safari/537.36 (compatible; PetalBot;+https://webmaster.petalsearch.com/site/petalbot)""
"
114.119.145.150,新加坡 - North West - 新加坡,16/Dec/2022:23:19:35,/posts/classification-of-chinese-os-and-cpu/,-,"114.119.145.150 - - [16/Dec/2022:23:19:35 +0800] ""GET /posts/classification-of-chinese-os-and-cpu/ HTTP/1.1"" 200 8250 ""-"" ""Mozilla/5.0 (Linux; Android 7.0;) AppleWebKit/537.36 (KHTML, like Gecko) Mobile Safari/537.36 (compatible; PetalBot;+https://webmaster.petalsearch.com/site/petalbot)""
"
114.119.134.165,新加坡 - North West - 新加坡,17/Dec/2022:05:35:58,/posts/date-examples/,-,"114.119.134.165 - - [17/Dec/2022:05:35:58 +0800] ""GET /posts/date-examples/ HTTP/1.1"" 200 7198 ""-"" ""Mozilla/5.0 (Linux; Android 7.0;) AppleWebKit/537.36 (KHTML, like Gecko) Mobile Safari/537.36 (compatible; PetalBot;+https://webmaster.petalsearch.com/site/petalbot)""
"
66.249.68.11,美国 - 加州 - 芒廷维尤,17/Dec/2022:05:53:30,/posts/python-tutorial-6-dict-and-set/,-,"66.249.68.11 - - [17/Dec/2022:05:53:30 +0800] ""GET /posts/python-tutorial-6-dict-and-set/ HTTP/1.1"" 404 134 ""-"" ""Mozilla/5.0 (compatible; Googlebot/2.1; +http://www.google.com/bot.html)""
"
